headline,link,image,category
"Farewell of BJP, allies announced: Kharge on poll schedule for five states",https://timesofindia.indiatimes.com/india/farewell-of-bjp-allies-announced-kharge-on-poll-schedule-for-five-states/articleshow/104291818.cms,"https://static.toiimg.com/thumb/imgsize-25862,msid-104291815,width-600,resizemode-4/104291815.jpg",india
"Centre cites pendency for blip in 'ease of doing business', forgets it's the largest litigant, seeking frequent, needless adjournments: Bombay HC",https://timesofindia.indiatimes.com/india/centre-cites-pendency-for-blip-in-ease-of-doing-business-forgets-its-the-largest-litigant-seeking-frequent-needless-adjournments-bombay-hc/articleshow/104291598.cms,"https://static.toiimg.com/thumb/imgsize-136892,msid-104291624,width-600,resizemode-4/104291624.jpg",india
State transport undertakings body proposes Drivers' Day to greet drivers for their service,https://timesofindia.indiatimes.com/india/state-transport-undertakings-body-proposes-drivers-day-to-greet-drivers-for-their-service/articleshow/104291463.cms,"https://static.toiimg.com/thumb/imgsize-1140157,msid-104291502,width-600,resizemode-4/104291502.jpg",india
Will make sure 'massacre' by Hamas doesn't happen again: Israel's opposition leader Lapid; thanks India for support,https://timesofindia.indiatimes.com/india/will-make-sure-massacre-by-hamas-doesnt-happen-again-israels-opposition-leader-lapid-thanks-india-for-support/articleshow/104290350.cms,"https://static.toiimg.com/thumb/imgsize-123456,msid-78553754,width-600,resizemode-4/78553754.jpg",india
TMC withdraws sit-in outside Raj Bhavan on MGNREGA dues after governor's assurance,https://timesofindia.indiatimes.com/india/tmc-withdraws-sit-in-outside-raj-bhavan-on-mgnrega-dues-after-governors-assurance/articleshow/104290061.cms,"https://static.toiimg.com/thumb/imgsize-1796646,msid-104290236,width-600,resizemode-4/104290236.jpg",india
"National Crisis Management Committee reviews Sikkim situation, stresses on evacuation of trapped people",https://timesofindia.indiatimes.com/india/national-crisis-management-committee-reviews-sikkim-situation-stresses-on-evacuation-of-trapped-people/articleshow/104289416.cms,"https://static.toiimg.com/thumb/imgsize-1152041,msid-104289484,width-600,resizemode-4/104289484.jpg",india
Israel-Palestine conflict: Air India evacuates its crew members & staff from Israel; bringing them home on Ethiopian airlines via Addis Ababa,https://timesofindia.indiatimes.com/india/israel-palestine-conflict-air-india-evacuates-its-crew-members-staff-from-israel-bringing-them-home-on-ethiopian-airlines-via-addis-ababa/articleshow/104258389.cms,"https://static.toiimg.com/thumb/imgsize-71480,msid-104258389,width-600,resizemode-4/104258389.jpg",india
Israel-Palestine conflict: Air India evacuates its crew members & staff from Israel; bringing them home on Ethiopian airlines via Addis Ababa,https://timesofindia.indiatimes.com/india/israel-palestine-conflict-air-india-evacuates-its-crew-members-staff-from-israel-bringing-them-home-on-ethiopian-airlines-via-addis-ababa/articleshow/104258389.cms,"https://static.toiimg.com/thumb/imgsize-71480,msid-104258389,width-600,resizemode-4/104258389.jpg",india
India-made image data processing tech aids unravel cosmic secrets,https://timesofindia.indiatimes.com/india/india-made-image-data-processing-tech-aids-unravel-cosmic-secrets/articleshow/104221748.cms,"https://static.toiimg.com/thumb/imgsize-1235185,msid-104221748,width-600,resizemode-4/104221748.jpg",india
"Making all efforts to evacuate students from Israel, says govt",https://timesofindia.indiatimes.com/india/making-all-efforts-to-evacuate-students-from-israel-says-govt/articleshow/104268468.cms,"https://static.toiimg.com/thumb/imgsize-173240,msid-104268468,width-600,resizemode-4/104268468.jpg",india
Territorial Army inducts first batch of Mandarin-trained officers along LAC,https://timesofindia.indiatimes.com/india/territorial-army-inducts-first-batch-of-mandarin-trained-officers-along-lac/articleshow/104247432.cms,"https://static.toiimg.com/thumb/imgsize-1372901,msid-104247432,width-600,resizemode-4/104247432.jpg",india
Foreign airline among three entities showing interest in Go First revival,https://timesofindia.indiatimes.com/india/foreign-airline-among-three-entities-showing-interest-in-go-first-revival/articleshow/104248823.cms,"https://static.toiimg.com/thumb/imgsize-574067,msid-104248823,width-600,resizemode-4/104248823.jpg",india
Indian Air Force unveils new ensign at annual day parade,https://timesofindia.indiatimes.com/india/indian-air-force-unveils-new-ensign-at-annual-day-parade/articleshow/104252966.cms,"https://static.toiimg.com/thumb/imgsize-757186,msid-104252966,width-80,resizemode-4/104252966.jpg",india
Young Army officer goes missing from Mhow Infantry School,https://timesofindia.indiatimes.com/city/indore/young-army-officer-goes-missing-from-mhow-infantry-school/articleshow/104247668.cms,"https://static.toiimg.com/thumb/imgsize-1828105,msid-104247668,width-80,resizemode-4/104247668.jpg",india
"National Crisis Management Committee reviews Sikkim situation, stresses on evacuation of trapped people",https://timesofindia.indiatimes.com/india/national-crisis-management-committee-reviews-sikkim-situation-stresses-on-evacuation-of-trapped-people/articleshow/104289416.cms,"https://static.toiimg.com/thumb/imgsize-1152041,msid-104289484,width-600,resizemode-4/104289484.jpg",india
Assembly elections 2023: BJP's first list for Rajasthan has names of 7 MPs,https://timesofindia.indiatimes.com/india/assembly-elections-bjp-candidates-list-bjp-list-chhattisgarh-madhya-pradesh-rajasthan-bjp-candidate-list-raman-singh-shivraj-singh-chouhan/articleshow/104289365.cms,"https://static.toiimg.com/thumb/imgsize-72892,msid-104289436,width-600,resizemode-4/104289436.jpg",india
Supreme Court refuses to entertain plea challenging HC order dismissing PIL against procedure adopted for FLC of EVMs,https://timesofindia.indiatimes.com/india/supreme-court-refuses-to-entertain-plea-challenging-hc-order-dismissing-pil-against-procedure-adopted-for-flc-of-evms/articleshow/104287745.cms,"https://static.toiimg.com/thumb/imgsize-1046881,msid-104288828,width-600,resizemode-4/104288828.jpg",india
'Will reinforce 2015 Sarbat Khalsa mandate': US-based Sikh outfit WSP,https://timesofindia.indiatimes.com/india/will-reinforce-2015-sarbat-khalsa-mandate-us-based-sikh-outfit-wsp/articleshow/104288583.cms,"https://static.toiimg.com/thumb/imgsize-110554,msid-104288642,width-600,resizemode-4/104288642.jpg",india
"Congress Working Committee reiterates support for rights of Palestianians to land, self-govt",https://timesofindia.indiatimes.com/india/congress-working-committee-reiterates-support-for-rights-of-palestianians-to-land-self-govt/articleshow/104288435.cms,"https://static.toiimg.com/thumb/imgsize-30902,msid-104288452,width-600,resizemode-4/104288452.jpg",india
Will Israel-Hamas conflict impact assembly elections?,https://timesofindia.indiatimes.com/india/how-israel-hamas-conflict-may-impact-assembly-elections-in-madhya-pradesh-rajasthan-chhattisgarh-and-telangana/articleshow/104286654.cms,"https://static.toiimg.com/thumb/imgsize-1119939,msid-104287521,width-600,resizemode-4/104287521.jpg",india
Election rules tweaked: Now those on poll duty to cast postal ballots at facilitation centres only,https://timesofindia.indiatimes.com/india/election-rules-tweaked-now-those-on-poll-duty-to-cast-postal-ballots-at-facilitation-centres-only/articleshow/104286501.cms,"https://static.toiimg.com/thumb/imgsize-857528,msid-104286764,width-600,resizemode-4/104286764.jpg",india
EC to use tech-based platform for real-time update on seizures during assembly polls,https://timesofindia.indiatimes.com/india/ec-to-use-tech-based-platform-for-real-time-update-on-seizures-during-assembly-polls/articleshow/104286791.cms,"https://static.toiimg.com/thumb/imgsize-328922,msid-104286786,width-600,resizemode-4/104286786.jpg",india
India gets 5th set of Swiss bank account details under automatic info exchange framework,https://timesofindia.indiatimes.com/india/india-gets-5th-set-of-swiss-bank-account-details-under-automatic-info-exchange-framework/articleshow/104284530.cms,"https://static.toiimg.com/thumb/imgsize-758978,msid-104285004,width-600,resizemode-4/104285004.jpg",india
"As Jewar airport gets ready, Khurja pottery looks to fly business class",https://timesofindia.indiatimes.com/india/as-jewar-airport-gets-ready-khurja-pottery-looks-to-fly-business-class/articleshow/104283915.cms,"https://static.toiimg.com/thumb/imgsize-61164,msid-104284022,width-600,resizemode-4/104284022.jpg",india
"Rahul Gandhi says Congress supports nationwide caste census, calls it 'powerful step for emancipation of poor'",https://timesofindia.indiatimes.com/india/rahul-gandhi-congress-congress-working-committee-caste-census-india-bjp-obc/articleshow/104283580.cms,"https://static.toiimg.com/thumb/imgsize-328576,msid-104283775,width-600,resizemode-4/104283775.jpg",india
Mayawati welcomes announcement of election schedule by EC,https://timesofindia.indiatimes.com/india/mayawati-welcomes-announcement-of-election-schedule-by-ec/articleshow/104283785.cms,"https://static.toiimg.com/thumb/imgsize-24720,msid-104283784,width-600,resizemode-4/104283784.jpg",india
Oppo parties dharna will send peoplesâ€™ message for early restoration of democracy: JK Cong Chief Vikar,https://timesofindia.indiatimes.com/india/oppo-parties-dharna-will-send-peoples-message-for-early-restoration-of-democracy-jk-cong-chief-vikar/articleshow/104283740.cms,"https://static.toiimg.com/thumb/imgsize-978864,msid-104283898,width-600,resizemode-4/104283898.jpg",india
Early detection saves,https://timesofindia.indiatimes.com/india/early-detection-saves/articleshow/104283584.cms,"https://static.toiimg.com/thumb/imgsize-44620,msid-104283739,width-600,resizemode-4/104283739.jpg",india
Madhya Pradesh Election: Dates announced assembly polls will be held on November 17,https://timesofindia.indiatimes.com/india/madhya-pradesh-election-dates-announced-assembly-polls-will-be-held-on-november-17/articleshow/104283373.cms,"https://static.toiimg.com/thumb/imgsize-721536,msid-104283606,width-600,resizemode-4/104283606.jpg",india
"Women in CRPF not only performing duties in risky zones, but bringing laurels in sports also: Bhatnagar",https://timesofindia.indiatimes.com/india/women-in-crpf-not-only-performing-duties-in-risky-zones-but-bringing-laurels-in-sports-also-bhatnagar/articleshow/104283566.cms,"https://static.toiimg.com/thumb/imgsize-121888,msid-104283577,width-600,resizemode-4/104283577.jpg",india
"1.4cr sqm land converted, Pernem green cover cut by 21% for luxury villas, hotels",https://timesofindia.indiatimes.com/india/1-4cr-sqm-land-converted-pernem-green-cover-cut-by-21-for-luxury-villas-hotels/articleshow/104283277.cms,"https://static.toiimg.com/thumb/imgsize-174176,msid-104283348,width-600,resizemode-4/104283348.jpg",india
"To encourage youth to join forces, Army felicitates youth selected in CAPF in Ramban",https://timesofindia.indiatimes.com/india/to-encourage-youth-to-join-forces-army-felicitates-youth-selected-in-capf-in-ramban/articleshow/104283386.cms,"https://static.toiimg.com/thumb/imgsize-1153576,msid-104283409,width-600,resizemode-4/104283409.jpg",india
"The bicycle diaries, or how one woman discovered India on two wheels",https://timesofindia.indiatimes.com/india/the-bicycle-diaries-or-how-one-woman-discovered-india-on-two-wheels/articleshow/103922975.cms,"https://static.toiimg.com/thumb/imgsize-281918,msid-103922975,width-600,resizemode-4/103922975.jpg",india
Nobel Prize in Literature 2023 goes to Norwegian playwright and author Jon Fosse,https://timesofindia.indiatimes.com/india/nobel-prize-in-literature-2023-goes-to-norwegian-playwright-and-author-jon-fosse/articleshow/104283002.cms,"https://static.toiimg.com/thumb/imgsize-108284,msid-104283057,width-600,resizemode-4/104283057.jpg",india
US immigration attorneys advise quick action in filing,https://timesofindia.indiatimes.com/india/us-immigration-attorneys-advise-quick-action-in-filing/articleshow/104282881.cms,"https://static.toiimg.com/thumb/imgsize-106282,msid-104283024,width-600,resizemode-4/104283024.jpg",india
ECI schedule: Telangana Assembly polls on November 30,https://timesofindia.indiatimes.com/india/eci-schedule-telangana-assembly-polls-on-november-30/articleshow/104280972.cms,"https://static.toiimg.com/thumb/imgsize-1192880,msid-104282734,width-600,resizemode-4/104282734.jpg",india
Bilkis Bano case: SC to hear arguments on pleas challenging premature release of convicts on October 11,https://timesofindia.indiatimes.com/india/bilkis-bano-case-sc-to-hear-arguments-on-pleas-challenging-premature-release-of-convicts-on-october-11/articleshow/104282414.cms,"https://static.toiimg.com/thumb/imgsize-68694,msid-104282579,width-600,resizemode-4/104282579.jpg",india
Is winter setting in earlier than usual?,https://timesofindia.indiatimes.com/india/is-winter-setting-in-earlier-than-usual/articleshow/104282218.cms,"https://static.toiimg.com/thumb/imgsize-37204,msid-104282260,width-600,resizemode-4/104282260.jpg",india
'Hamas built a mock Israeli town in Gaza and practiced its attack',https://timesofindia.indiatimes.com/world/middle-east/how-hamas-managed-to-plan-devastating-attack-while-keeping-israels-spy-agencies-in-the-dark-mock-israeli-town-gaza-practiced-attack-videos/articleshow/104289250.cms,"https://static.toiimg.com/thumb/imgsize-1030886,msid-104290533,width-80,resizemode-4/104290533.jpg",
"If Palestine becomes Ukraine-II, stock markets will suffer",https://timesofindia.indiatimes.com/business/india-business/what-will-be-the-economic-impact-of-israel-hamas-war/articleshow/104277599.cms,"https://static.toiimg.com/thumb/imgsize-254632,msid-104282777,width-80,resizemode-4/104282777.jpg",
"Stage set for BJP vs Cong in MP, Rajasthan & Chhattisgarh",https://timesofindia.indiatimes.com/india/assembly-elections-2023-assembly-polls-assembly-election-bjp-congress-chhattisgarh-elections-madhya-pradesh-elections-rajasthan-elections-aap-rahul-gandhi-pm-modi/articleshow/104288731.cms,"https://static.toiimg.com/thumb/imgsize-69418,msid-104289023,width-80,resizemode-4/104289023.jpg",
Watch - The start was quite bizarre to be honest: Kohli tells Rahul,https://timesofindia.indiatimes.com/sports/cricket/icc-world-cup/news/watch-the-start-was-quite-bizarre-to-be-honest-virat-kohli-tells-kl-rahul-in-a-candid-chat/articleshow/104292934.cms,"https://static.toiimg.com/thumb/imgsize-97288,msid-104292937,width-80,resizemode-4/104292937.jpg",
Israel orders 'complete siege' on Gaza: Key points,https://timesofindia.indiatimes.com/world/middle-east/israel-taking-significant-military-steps-in-response-to-hamas-attack-key-developments/articleshow/104291260.cms,"https://static.toiimg.com/thumb/imgsize-609196,msid-104291266,width-80,resizemode-4/104291266.jpg",
Tight security for polls in Chhattisgarh; 20 million voters to cast ballots,https://timesofindia.indiatimes.com/city/raipur/tight-security-for-polls-in-chhattisgarh-20-million-voters-to-cast-ballots/articleshow/104290297.cms,"https://static.toiimg.com/thumb/imgsize-27594,msid-104290297,width-80,resizemode-4/104290297.jpg",
Goa: Two bouncers of Assagao nightclub held for attempt to murder,https://timesofindia.indiatimes.com/city/goa/goa-two-bouncers-of-assagao-nightclub-held-for-attempt-to-murder/articleshow/104289884.cms,"https://static.toiimg.com/thumb/imgsize-17520,msid-104289884,width-80,resizemode-4/104289884.jpg",
Is the new mode of parenting creating fragile children?,https://timesofindia.indiatimes.com/india/is-the-new-mode-of-parenting-creating-fragile-children/articleshow/104262216.cms,"https://static.toiimg.com/thumb/imgsize-27596,msid-104262695,width-80,resizemode-4/104262695.jpg",
Upskill with eMasters degree from NIRF #1 IIT Kanpur,https://timesofindia.indiatimes.com/articleshow/104205588.cms,"https://static.toiimg.com/thumb/imgsize-103896,msid-104206265,width-80,resizemode-4/104206265.jpg",
ðŸ”¥HOTTEST DEALS are Here! Shop Now & Maximize your Savings,https://timesofindia.indiatimes.com/amazon-bestsellers,"https://static.toiimg.com/thumb/imgsize-4055832,msid-87204807,width-80,resizemode-4/87204807.jpg",
How AP courses can give you an edge in college admissions,https://timesofindia.indiatimes.com/articleshow/104182737.cms,"https://static.toiimg.com/thumb/imgsize-1417165,msid-104182675,width-80,resizemode-4/104182675.jpg",
"65-inch 4K TVs from Samsung, LG and more under Rs 65,000",https://www.gadgetsnow.com/slideshows/amazon-great-indian-festival-65-inch-4k-tvs-from-samsung-lg-and-more-under-rs-65000/photolist/104289196.cms,"https://static.toiimg.com/thumb/imgsize-45844,msid-104289441,width-80,resizemode-4/104289441.jpg",
Cricket proposed for inclusion in 2028 LA Olympics,https://timesofindia.indiatimes.com/sports/cricket/news/la28s-recommendation-for-inclusion-of-cricket-in-olympics-delights-icc/articleshow/104292674.cms,"https://static.toiimg.com/thumb/imgsize-13666,msid-104292658,width-80,resizemode-4/104292658.jpg",
'We've to go in': What Israel PM told Biden after Hamas assault,https://timesofindia.indiatimes.com/world/middle-east/weve-to-go-in-what-israel-pm-netanyahu-told-president-biden-after-unprecedented-hamas-assault/articleshow/104290558.cms,"https://static.toiimg.com/thumb/imgsize-234602,msid-104290624,width-80,resizemode-4/104290624.jpg",
ODI WC: Santner takes five as NZ secure second win,https://timesofindia.indiatimes.com/sports/cricket/icc-world-cup/news/odi-world-cup-mitchell-santner-takes-five-as-new-zealand-ease-past-netherlands-for-second-win/articleshow/104292241.cms,"https://static.toiimg.com/thumb/imgsize-82590,msid-104292258,width-80,resizemode-4/104292258.jpg",
"Sony PlayStation 5 selling at Rs 40,000, hereâ€™s how to get this deal",https://www.gadgetsnow.com/gaming/sony-playstation-5-selling-at-rs-40000-heres-how-to-get-this-deal/articleshow/104289150.cms,"https://static.toiimg.com/thumb/imgsize-3774,msid-104290383,width-80,resizemode-4/104290383.jpg",
Video of burning man surfaces in Manipur,https://timesofindia.indiatimes.com/city/guwahati/video-of-burning-man-surfaces-in-manipur-sequel-to-two-women-paraded-naked-says-govt/articleshow/104291482.cms,"https://static.toiimg.com/thumb/imgsize-1408260,msid-104291510,width-80,resizemode-4/104291510.jpg",
How Israel's desert music festival turned into graveyard,https://timesofindia.indiatimes.com/world/middle-east/there-was-no-place-to-hide-how-desert-music-festival-turned-into-graveyard-after-hamas-assault/articleshow/104286545.cms,"https://static.toiimg.com/thumb/imgsize-36972,msid-104286763,width-80,resizemode-4/104286763.jpg",
Hamas unveils 'Mubar-1': Footage of Air Defense System,https://timesofindia.indiatimes.com/videos/toi-original/hamas-unveils-mubar-1-dramatic-footage-of-homemade-air-defense-system/videoshow/104289135.cms,"https://static.toiimg.com/thumb/imgsize-848866,msid-104289135,width-80,resizemode-4/104289135.jpg",
"BJP Candidate List 2023 Announced: Here is Who is in, Who is Out in Rajasthan, MP and Chhattisgarh",https://youtu.be/ESY_KiIY2RA,"https://static.toiimg.com/thumb/imgsize-1277914,msid-104291829,width-80,resizemode-4/104291829.jpg",
'Unwavering faith of Indian fans in us is...': Jadeja,https://timesofindia.indiatimes.com/sports/cricket/icc-world-cup/news/unwavering-faith-of-indian-fans-in-us-is-ravindra-jadeja/articleshow/104288032.cms,"https://static.toiimg.com/thumb/imgsize-39110,msid-104288064,width-80,resizemode-4/104288064.jpg",
Sub inspector shoots his pregnant wife with service revolver in UPâ€™s Jhansi,https://timesofindia.indiatimes.com/videos/toi-original/dowry-related-dispute-sub-inspector-shoots-his-pregnant-wife-with-service-revolver-in-ups-jhansi/videoshow/104292515.cms,"https://static.toiimg.com/thumb/imgsize-46032,msid-104292515,width-200,resizemode-4/104292515.jpg",
Israel-Hamas war: Pak celebs express solidarity with the Palestinians,https://timesofindia.indiatimes.com/videos/etimes/bollywood/israel-hamas-war-saba-qamar-to-huma-zehra-pakistani-celebs-express-solidarity-with-the-palestinians/videoshow/104289185.cms,"https://static.toiimg.com/thumb/imgsize-72132,msid-104289185,width-200,resizemode-4/104289185.jpg",
Swara Bhasker supports Hamas' attack on Israel?,https://timesofindia.indiatimes.com/videos/etimes/bollywood/swara-bhasker-expresses-her-strong-views-on-the-israel-palestine-conflict-calls-peoples-reaction-to-hamas-attacks-hypocritical/videoshow/104279033.cms,"https://static.toiimg.com/thumb/imgsize-72764,msid-104279033,width-200,resizemode-4/104279033.jpg",
Watch: Pakistani presenter Zainab Abbas left India for â€˜personal reason' or deported?,https://timesofindia.indiatimes.com/videos/toi-original/watch-pakistani-presenter-zainab-abbas-left-india-for-personal-reason-or-deported-this-is-what-icc-said/videoshow/104291809.cms,"https://static.toiimg.com/thumb/imgsize-82736,msid-104291809,width-200,resizemode-4/104291809.jpg",
"Israel regains full control of its territory from Hamas, 550 killed in Gaza | Full report of Day 3 of fighting",https://timesofindia.indiatimes.com/videos/toi-original/israel-regains-full-control-of-its-territory-from-hamas-550-killed-in-gaza-full-report-of-day-3-of-fighting/videoshow/104292001.cms,"https://static.toiimg.com/thumb/imgsize-98132,msid-104292001,width-200,resizemode-4/104292001.jpg",
Live luxury with Raheja's hotel-branded homes,https://timesofindia.indiatimes.com/spotlight/experience-luxury-beyond-expectations-with-rahejas-hotel-branded-homes/articleshow/104281817.cms,"https://static.toiimg.com/thumb/imgsize-129176,msid-104281811,width-200,resizemode-4/104281811.jpg",
Bring home Samsung's washing machines: Here's why,https://www.gadgetsnow.com/gn-advertorial/experience-the-festive-charm-and-hassle-free-laundry-with-samsungs-fully-automatic-washing-machines-for-you-and-your-loved-ones/articleshow/104210258.cms,"https://static.toiimg.com/thumb/imgsize-16022,msid-104271202,width-200,resizemode-4/104271202.jpg",
How Hamas has challenged Israel's aura of invincibility,https://timesofindia.indiatimes.com/world/how-a-shaken-israel-is-forced-back-to-its-eternal-dilemma/articleshow/104277435.cms,"https://static.toiimg.com/thumb/imgsize-18126,msid-104278300,width-600,resizemode-4/104278300.jpg",
Why Bidenâ€™s democracy crusade has gone astray in Bangladesh,https://timesofindia.indiatimes.com/world/why-bidens-democracy-crusade-has-gone-ashtray-in-bangladesh/articleshow/104274164.cms,"https://static.toiimg.com/thumb/imgsize-39024,msid-104274899,width-600,resizemode-4/104274899.jpg",
What history tells us about India's veg and non-veg divide,https://timesofindia.indiatimes.com/india/what-history-tells-us-about-indias-veg-and-non-veg-divide/articleshow/104253055.cms,"https://static.toiimg.com/thumb/imgsize-11760,msid-104252979,width-600,resizemode-4/104252979.jpg",
"US: Day after brutal Hamas attack, hundreds protest for Palestine, square up with pro-Israel protesters",https://timesofindia.indiatimes.com/videos/international/us-day-after-brutal-hamas-attack-hundreds-protest-for-palestine-square-up-with-pro-israel-protesters/videoshow/104284357.cms,"https://static.toiimg.com/thumb/imgsize-102854,msid-104284357,width-600,resizemode-4/104284357.jpg",
Ather 450X electric scooter to cost Rs 4 lakh in Nepal: Business plans announced,https://timesofindia.indiatimes.com/auto/bikes/ather-450s-electric-scooter-to-cost-rs-4-lakh-in-nepal-business-plans-announced/articleshow/104288685.cms,"https://static.toiimg.com/thumb/imgsize-32556,msid-104288685,width-600,resizemode-4/104288685.jpg",
Israel Palestine War Day 3 LIVE Video Updates,https://youtube.com/playlist?list=PLzjPDNc5ZgsDf4E3c2h3ko-gIABzisas_&si=7l2M1gP6XMHg94vb,"https://static.toiimg.com/thumb/imgsize-102026,msid-104280401,width-600,resizemode-4/104280401.jpg",
Some fresh pairings to expect from KWK 8 guest list,https://timesofindia.indiatimes.com/web-series/news/hindi/alia-bhatt-kareena-kapoor-khan-deepika-padukone-ranveer-singh-more-heres-what-to-expect-from-koffee-with-karan-8-guest-list-deets-inside/articleshow/104292151.cms,"https://static.toiimg.com/thumb/imgsize-83126,msid-104292181,width-400,resizemode-4/104292181.jpg",
Ileana shares glimpses of playtime with Koa,https://timesofindia.indiatimes.com/entertainment/hindi/bollywood/news/ileana-dcruz-exudes-radiance-as-she-enjoys-mother-son-time-with-baby-koa-pics-inside/articleshow/104290527.cms,"https://static.toiimg.com/thumb/imgsize-80856,msid-104290572,width-200,resizemode-4/104290572.jpg",
Jawan global BO: The SRK starrer holds strong,https://timesofindia.indiatimes.com/entertainment/hindi/bollywood/box-office/jawan-global-box-office-collection-the-shah-rukh-khan-starrer-continues-to-hold-strong-after-the-rs-1000-crore-mark-despite-newer-releases/articleshow/104289275.cms,"https://static.toiimg.com/thumb/imgsize-25232,msid-104289274,width-200,resizemode-4/104289274.jpg",
Kriti Sanon's latest looks scream boss lady,https://timesofindia.indiatimes.com/entertainment/hindi/web-stories/kriti-sanons-latest-looks-scream-boss-lady/photostory/104292439.cms,"https://static.toiimg.com/thumb/imgsize-48812,msid-104292447,width-200,resizemode-4/104292447.jpg",
Shiv Thakare: KKK helped me groom myself as an actor,https://timesofindia.indiatimes.com/tv/news/hindi/shiv-thakare-khatron-ke-khiladi-13-helped-me-groom-myself-as-an-actor-for-the-future/articleshow/104292786.cms,"https://static.toiimg.com/thumb/imgsize-34046,msid-104292903,width-200,resizemode-4/104292903.jpg",
Inside Sara Ali's stylish vacation,https://photogallery.indiatimes.com/celebs/bollywood/sara-ali-khans-vacation-is-all-about-coffee-culture-and-stylish-outfits/articleshow/104239142.cms,"https://static.toiimg.com/thumb/imgsize-32660,msid-104290497,width-600,resizemode-4/104290497.jpg",
Pics: Israel intensifies Gaza strikes,https://photogallery.indiatimes.com/news/world/israel-launches-fresh-airstrikes-on-gaza-and-battles-to-repel-hamas/articleshow/104276584.cms,"https://static.toiimg.com/thumb/imgsize-16970,msid-104279661,width-600,resizemode-4/104279661.jpg",
Karishma's monochrome fashion dairy,https://photogallery.indiatimes.com/tv/stars/karishma-tanna-nails-the-stunning-combination-of-monochrome-boots-and-blazer-see-pictures/articleshow/104280064.cms,"https://static.toiimg.com/thumb/imgsize-39444,msid-104281915,width-600,resizemode-4/104281915.jpg",
Khushi looks classy in white dress,https://photogallery.indiatimes.com/web-stories/khushi-kapoor-keeps-it-classy-in-elegant-white-dress-at-diors-paris-fashion-week/photostory/104014045.cms,"https://static.toiimg.com/thumb/imgsize-6766,msid-104273125,width-600,resizemode-4/104273125.jpg",
IND beat AUS by 6 wickets,https://photogallery.indiatimes.com/sports/cricket/india-vs-australia-2023-odi-world-cup-action-in-images-kohli-kl-rahul-power-india-to-6-wicket-victory/articleshow/104276827.cms,"https://static.toiimg.com/thumb/imgsize-28356,msid-104277442,width-600,resizemode-4/104277442.jpg",
Mahira's pre-wedding pictures,https://photogallery.indiatimes.com/celebs/bollywood/mahira-khans-pre-wedding-celebration-was-a-night-of-joy-love-and-festive-glamour-see-pictures/articleshow/104258607.cms,"https://static.toiimg.com/thumb/imgsize-53802,msid-104259797,width-600,resizemode-4/104259797.jpg",
Asian Games gold medal winners,https://photogallery.indiatimes.com/sports/other-sports/asian-games-2023-india-signs-off-with-record-107-medals-meet-the-gold-medal-winners-in-pictures/articleshow/104258619.cms,"https://static.toiimg.com/thumb/imgsize-10254,msid-104259865,width-600,resizemode-4/104259865.jpg",
Best places to watch sunsets,https://photogallery.indiatimes.com/web-stories/best-places-to-watch-mesmerising-sunsets-in-india/photostory/103139617.cms,"https://static.toiimg.com/thumb/imgsize-12584,msid-104252954,width-600,resizemode-4/104252954.jpg",
Foods that will enhance stamina,https://photogallery.indiatimes.com/web-stories/foods-that-will-enhance-your-stamina-naturally-and-instantly/photostory/104246095.cms,"https://static.toiimg.com/thumb/imgsize-28474,msid-104246534,width-600,resizemode-4/104246534.jpg",
World's most unique post offices,https://timesofindia.indiatimes.com/etimes/trending/world-post-office-day-worlds-most-unique-post-offices/photostory/104289379.cms,"https://static.toiimg.com/thumb/imgsize-72986,msid-104292451,width-200,resizemode-4/104292451.jpg",
8 beautiful images of planets captured by NASA,https://timesofindia.indiatimes.com/life-style/spotlight/web-stories/8-beautiful-images-of-planets-captured-by-nasa/photostory/104164157.cms,"https://static.toiimg.com/thumb/imgsize-82966,msid-104164176,width-200,resizemode-4/104164176.jpg",
NASA finds possible sign of life on Jupiter's moon,https://timesofindia.indiatimes.com/etimes/trending/nasa-finds-a-possible-sign-of-life-on-jupiters-moon/articleshow/104044526.cms,"https://static.toiimg.com/thumb/imgsize-40940,msid-104044501,width-200,resizemode-4/104044501.jpg",
KRK's tweets on Muslims go viral,https://timesofindia.indiatimes.com/etimes/trending/amidst-israel-hamas-conflict-krks-tweets-on-muslims-go-viral/articleshow/104286826.cms,"https://static.toiimg.com/thumb/imgsize-26500,msid-104287211,width-200,resizemode-4/104287211.jpg",
Watch FRIENDS characters as Bollywood songs,https://timesofindia.indiatimes.com/etimes/trending/this-viral-video-reimagines-friends-characters-as-bollywood-songs/articleshow/104284494.cms,"https://static.toiimg.com/thumb/imgsize-28282,msid-104284521,width-200,resizemode-4/104284521.jpg",
5 chilling UFO sightings from around the world,https://timesofindia.indiatimes.com/etimes/trending/5-chilling-ufo-sightings-from-around-the-world/photostory/104262611.cms,"https://static.toiimg.com/thumb/imgsize-65192,msid-104263167,width-200,resizemode-4/104263167.jpg",
"Israel-Hamas war: Saba Qamar to Huma Zehra, Pakistani celebs express solidarity with the Palestinians",https://timesofindia.indiatimes.com/videos/etimes/bollywood/israel-hamas-war-saba-qamar-to-huma-zehra-pakistani-celebs-express-solidarity-with-the-palestinians/videoshow/104289185.cms,"https://static.toiimg.com/thumb/imgsize-72132,msid-104289185,width-600,resizemode-4/104289185.jpg",
"Israel-Hamas war: Saba Qamar to Huma Zehra, Pakistani celebs express solidarity with the Palestinians",https://timesofindia.indiatimes.com/videos/etimes/bollywood/israel-hamas-war-saba-qamar-to-huma-zehra-pakistani-celebs-express-solidarity-with-the-palestinians/videoshow/104289185.cms,"https://static.toiimg.com/thumb/imgsize-72132,msid-104289185,width-200,resizemode-4/104289185.jpg",
Shahid Kapoor says he experienced â€˜negativeâ€™ vibe while working on a film; here's what netizens speculate,https://timesofindia.indiatimes.com/videos/etimes/bollywood/shahid-kapoor-says-he-experienced-negative-vibe-while-working-on-a-film-heres-what-netizens-speculate/videoshow/104286572.cms,"https://static.toiimg.com/thumb/imgsize-30884,msid-104286572,width-200,resizemode-4/104286572.jpg",
Samantha Ruth Prabhuâ€™s cryptic post grabs eyeballs amid speculations of patch up with ex-husband Naga Chaitanya,https://timesofindia.indiatimes.com/videos/etimes/bollywood/samantha-ruth-prabhus-cryptic-post-grabs-eyeballs-amid-speculations-of-patch-up-with-ex-husband-naga-chaitanya/videoshow/104287121.cms,"https://static.toiimg.com/thumb/imgsize-88876,msid-104287121,width-200,resizemode-4/104287121.jpg",
Swara Bhasker expresses her strong views on the Israel-Palestine conflict; calls peopleâ€™s reaction to Hamas attacks â€˜hypocriticalâ€™,https://timesofindia.indiatimes.com/videos/etimes/bollywood/swara-bhasker-expresses-her-strong-views-on-the-israel-palestine-conflict-calls-peoples-reaction-to-hamas-attacks-hypocritical/videoshow/104279033.cms,"https://static.toiimg.com/thumb/imgsize-72764,msid-104279033,width-200,resizemode-4/104279033.jpg",
"Virat Kohli, KL Rahul's heroic run chase sealed India's thrilling win against Australia at ICC World Cup 2023, wives Anushka Sharma and Athiya Shetty praise their husbands",https://timesofindia.indiatimes.com/videos/etimes/bollywood/virat-kohli-kl-rahuls-heroic-run-chase-sealed-indias-thrilling-win-against-australia-at-icc-world-cup-2023-wives-anushka-sharma-and-athiya-shetty-praise-their-husbands/videoshow/104277784.cms,"https://static.toiimg.com/thumb/imgsize-59760,msid-104277784,width-200,resizemode-4/104277784.jpg",
Gurdas Maan cancels his Canada Tour amid the countryâ€™s diplomatic tensions with India: â€˜The most responsible and necessary course of actionâ€™,https://timesofindia.indiatimes.com/videos/etimes/bollywood/gurdas-maan-cancels-his-canada-tour-amid-the-countrys-diplomatic-tensions-with-india-the-most-responsible-and-necessary-course-of-action/videoshow/104285172.cms,"https://static.toiimg.com/thumb/imgsize-35586,msid-104285172,width-200,resizemode-4/104285172.jpg",
"In Chhattisgarh, women voters to impact turnout, election results",https://timesofindia.indiatimes.com/city/raipur/in-chhattisgarh-women-voters-to-impact-turnout-election-results/articleshow/104290564.cms,"https://static.toiimg.com/thumb/imgsize-826210,msid-104290550,width-600,resizemode-4/104290550.jpg",
Bigg Boss Kannada 10: Confirmed list of contestants,http://timesofindia.indiatimes.com/tv/news/kannada/bigg-boss-kannada-10-full-and-final-list-of-contestants/photostory/104254137.cms,"https://static.toiimg.com/thumb/imgsize-49418,msid-104254596,width-200,resizemode-4/104254596.jpg",
World Mental Health Day 2023: Facts to know,http://timesofindia.indiatimes.com/life-style/health-fitness/de-stress/world-mental-health-day-2023-date-history-theme-significance/photostory/104278555.cms,"https://static.toiimg.com/thumb/imgsize-35336,msid-104278581,width-200,resizemode-4/104278581.jpg",
"From sharing her sleepless night routine to her admiration for meditation to reduce stress, BB Marathi 1's Sai Lokur opens up about her pregnancy phase",http://timesofindia.indiatimes.com/tv/news/marathi/from-sharing-her-sleepless-night-routine-to-her-admiration-for-meditation-to-reduce-stress-bb-marathi-1s-sai-lokur-opens-up-about-her-pregnancy-phase/photostory/104287410.cms,"https://static.toiimg.com/thumb/imgsize-102750,msid-104288048,width-200,resizemode-4/104288048.jpg",
Times when Shehnaaz Gill made people laugh with her one-liners,http://timesofindia.indiatimes.com/tv/news/hindi/times-when-shehnaaz-gill-made-people-laugh-with-her-one-liners/photostory/104285554.cms,"https://static.toiimg.com/thumb/imgsize-40056,msid-104286193,width-200,resizemode-4/104286193.jpg",
Movies about the Indian Air Force,http://timesofindia.indiatimes.com/entertainment/hindi/bollywood/news/movies-about-the-indian-air-force/photostory/104282984.cms,"https://static.toiimg.com/thumb/imgsize-29204,msid-104284421,width-200,resizemode-4/104284421.jpg",
5 love languages of kids every parent should know,http://timesofindia.indiatimes.com/life-style/parenting/moments/5-love-languages-of-kids-every-parent-should-know/photostory/104282370.cms,"https://static.toiimg.com/thumb/imgsize-1094404,msid-104282409,width-200,resizemode-4/104282409.jpg",
10 common fruits that can help detox liver,https://timesofindia.indiatimes.com/life-style/health-fitness/web-stories/10-common-fruits-that-can-help-detox-liver/photostory/104290156.cms,"https://static.toiimg.com/thumb/imgsize-1894236,msid-104290179,width-500,resizemode-4/104290179.jpg",
Samantha Ruth Prabhu's Barbiecore sari,https://timesofindia.indiatimes.com/life-style/fashion/web-stories/samantha-ruth-prabhu-just-wore-the-prettiest-barbiecore-sari-ever/photostory/104284588.cms,"https://static.toiimg.com/thumb/imgsize-38426,msid-104284665,width-500,resizemode-4/104284665.jpg",
"How intimacy, fantasies, and desires impact marriages?",https://timesofindia.indiatimes.com/life-style/relationships/love-sex/how-do-intimacy-fantasies-and-desires-impact-relationships-marriages/photostory/104288842.cms,"https://static.toiimg.com/thumb/imgsize-67746,msid-104288896,width-500,resizemode-4/104288896.jpg",
10 ways to use papaya in your beauty routine,https://timesofindia.indiatimes.com/life-style/beauty/web-stories/10-ways-to-use-papaya-in-your-beauty-routine/photostory/104278227.cms,"https://static.toiimg.com/thumb/imgsize-56606,msid-104278493,width-500,resizemode-4/104278493.jpg",
10 Indian baby names that came from the west,https://timesofindia.indiatimes.com/life-style/parenting/web-stories/10-indian-baby-names-that-came-from-the-west/photostory/104286135.cms,"https://static.toiimg.com/thumb/imgsize-1346473,msid-104286287,width-500,resizemode-4/104286287.jpg",
Finger foods for a 'match party',https://recipes.timesofindia.com/web-stories/cricket-world-cup-2023-throw-a-match-party-with-these-10-finger-foods-to-try-at-home/photostory/104287057.cms,"https://static.toiimg.com/thumb/imgsize-66854,msid-104287198,width-500,resizemode-4/104287198.jpg",
"Glass Beach, California: When nature turns trash into tourist attraction",https://timesofindia.indiatimes.com/travel/destinations/glass-beach-california-when-nature-turns-trash-into-tourist-attraction/articleshow/104292255.cms,"https://static.toiimg.com/thumb/imgsize-123456,msid-104292255,width-500,resizemode-4/104292255.jpg",
Darius Foroux's stoic tips on how to be successful,https://timesofindia.indiatimes.com/life-style/books/interviews/focus-on-what-matters-darius-forouxs-stoic-tips-on-how-to-be-successful/articleshow/104278639.cms,"https://static.toiimg.com/thumb/imgsize-41510,msid-104278798,width-500,resizemode-4/104278798.jpg",
10 reasons why you should read every day,https://timesofindia.indiatimes.com/videos/lifestyle/books/10-reasons-why-you-should-read-every-day/videoshow/104285003.cms,"https://static.toiimg.com/thumb/imgsize-57946,msid-104285003,width-500,resizemode-4/104285003.jpg",
Watch: Pakistani presenter Zainab Abbas left India for â€˜personal reason' or deported?,https://timesofindia.indiatimes.com/videos/toi-original/watch-pakistani-presenter-zainab-abbas-left-india-for-personal-reason-or-deported-this-is-what-icc-said/videoshow/104291809.cms,"https://static.toiimg.com/thumb/imgsize-82736,msid-104291809,width-600,resizemode-4/104291809.jpg",
Watch: Pakistani presenter Zainab Abbas left India for â€˜personal reason' or deported?,https://timesofindia.indiatimes.com/videos/toi-original/watch-pakistani-presenter-zainab-abbas-left-india-for-personal-reason-or-deported-this-is-what-icc-said/videoshow/104291809.cms,"https://static.toiimg.com/thumb/imgsize-82736,msid-104291809,width-200,resizemode-4/104291809.jpg",
"Israel regains full control of its territory from Hamas, 550 killed in Gaza | Full report of Day 3 of fighting",https://timesofindia.indiatimes.com/videos/toi-original/israel-regains-full-control-of-its-territory-from-hamas-550-killed-in-gaza-full-report-of-day-3-of-fighting/videoshow/104292001.cms,"https://static.toiimg.com/thumb/imgsize-98132,msid-104292001,width-200,resizemode-4/104292001.jpg",
Did Iran help Hamas attack Israel? What Is Iranâ€™s Role in the war? Iran says NO!,https://timesofindia.indiatimes.com/videos/toi-original/did-iran-help-hamas-attack-israel-what-is-irans-role-in-the-war-iran-says-no/videoshow/104292416.cms,"https://static.toiimg.com/thumb/imgsize-1143712,msid-104292416,width-200,resizemode-4/104292416.jpg",
Explained: Disease X - The threat that could trigger the next pandemic,https://timesofindia.indiatimes.com/videos/in-depth/explained-disease-x-the-threat-that-could-trigger-the-next-pandemic/videoshow/104261851.cms,"https://static.toiimg.com/thumb/imgsize-978970,msid-104261851,width-200,resizemode-4/104261851.jpg",
Nushrratt's video from Israel before Hamas attack goes viral,https://timesofindia.indiatimes.com/videos/etimes/bollywood/palestine-israel-war-nushrratt-bharuccha-singing-bollywood-song-at-an-event-in-israel-before-hamas-attack-goes-viral-watch-it/videoshow/104275277.cms,"https://static.toiimg.com/thumb/imgsize-46354,msid-104275277,width-200,resizemode-4/104275277.jpg",
Visuals of Nita Ambani playing cricket with kids go viral on cyberspace,https://timesofindia.indiatimes.com/videos/etimes/bollywood/visuals-of-nita-ambani-playing-cricket-with-kids-go-viral-on-cyberspace/videoshow/104291358.cms,"https://static.toiimg.com/thumb/imgsize-100036,msid-104291358,width-200,resizemode-4/104291358.jpg",
"'Many felt if Vinod Khanna hadnâ€™t taken the spiritual path and left the industry, he could have been a great competitor to Amitabh Bachchan,' says Dilip Thakur - Exclusive",https://timesofindia.indiatimes.com/entertainment/hindi/bollywood/news/many-felt-if-vinod-khanna-hadnt-taken-the-spiritual-path-and-left-the-industry-he-could-have-been-a-great-competitor-to-amitabh-bachchan-says-dilip-thakur-exclusive/articleshow/104259095.cms,"https://static.toiimg.com/thumb/imgsize-1835677,msid-104259320,width-600,resizemode-4/104259320.jpg",
"ED summons Ranbir Kapoor, Gayatri Joshi meets with an accident in Italy, Anushka Sharma's rumoured second pregnancy: TOP 5 newsmakers of the week",https://timesofindia.indiatimes.com/entertainment/hindi/bollywood/news/ed-summons-ranbir-kapoor-gayatri-joshi-meets-with-an-accident-in-italy-anushka-sharmas-rumoured-second-pregnancy-top-5-newsmakers-of-the-week/articleshow/104212308.cms,"https://static.toiimg.com/thumb/imgsize-50512,msid-104212308,width-600,resizemode-4/104212308.jpg",
"Akshay Kumar applauds Shah Rukh Khan for crossing Rs 1,000 crore mark; says 'Hope we make Rs 2000-3000 crore films'",https://timesofindia.indiatimes.com/entertainment/hindi/bollywood/news/akshay-kumar-applauds-shah-rukh-khan-for-crossing-rs-1000-crore-mark-says-hope-we-make-rs-2000-3000-crore-films/articleshow/104220104.cms,"https://static.toiimg.com/thumb/imgsize-36794,msid-104220214,width-600,resizemode-4/104220214.jpg",
Akshay Kumar's interesting line-up of movies,https://timesofindia.indiatimes.com/entertainment/hindi/web-stories/akshay-kumars-interesting-line-up-of-movies/photostory/104202534.cms,"https://static.toiimg.com/thumb/imgsize-94726,msid-104202627,width-600,resizemode-4/104202627.jpg",
Shweta wishes daughter Palak on her birthday,https://timesofindia.indiatimes.com/tv/news/hindi/shweta-tiwari-wishes-daughter-palak-tiwari-on-her-birthday-says-best-daughter-in-the-whole-world/articleshow/104289858.cms,"https://static.toiimg.com/thumb/imgsize-923748,msid-104289858,width-600,resizemode-4/104289858.jpg",
Excl: Prantika on working with KINK host Divya,https://timesofindia.indiatimes.com/tv/news/hindi/exclusive-prantika-das-on-working-with-kink-host-divya-agarwal-she-is-a-superwoman-and-really-good-at-what-she-does/articleshow/104289929.cms,"https://static.toiimg.com/thumb/imgsize-70698,msid-104289948,width-600,resizemode-4/104289948.jpg",
Aamir - Sangeeta confirmed for Jhalak Dikhhla Jaa,https://timesofindia.indiatimes.com/tv/news/hindi/exclusive-aamir-ali-and-sangeeta-phogat-confirmed-for-jhalak-dikhhla-jaa/articleshow/104287650.cms,"https://static.toiimg.com/thumb/imgsize-52934,msid-104287675,width-600,resizemode-4/104287675.jpg",
Anusha on being uncomfortable when men stare at her,https://timesofindia.indiatimes.com/tv/news/hindi/anusha-dandekar-shares-how-uncomfortable-she-felt-due-to-men-staring-at-her-tights-writes-i-wanted-to-scream-at-every-man-who-stared-at-me-in-a-really-disrespectful-way/articleshow/104288327.cms,"https://static.toiimg.com/thumb/imgsize-1355680,msid-104288464,width-600,resizemode-4/104288464.jpg",
Amala Paul in natureâ€™s embrace,https://timesofindia.indiatimes.com/entertainment/malayalam/web-stories/amala-paul-in-natures-embrace/photostory/104273350.cms,"https://static.toiimg.com/thumb/imgsize-70478,msid-104273670,width-600,resizemode-4/104273670.jpg",
Mimi Chakraborty's stunning beauty in gorgeous sarees,https://timesofindia.indiatimes.com/entertainment/bengali/web-stories/mimi-chakrabortys-stunning-beauty-in-gorgeous-sarees/photostory/104161485.cms,"https://static.toiimg.com/thumb/imgsize-42938,msid-104162059,width-600,resizemode-4/104162059.jpg",
Enchanting pictures of Saniya Iyappan,https://timesofindia.indiatimes.com/entertainment/malayalam/web-stories/enchanting-pictures-of-saniya-iyappan/photostory/104230219.cms,"https://static.toiimg.com/thumb/imgsize-138814,msid-104230256,width-600,resizemode-4/104230256.jpg",
Nusrat Jahan's timeless elegance in classic sarees,https://timesofindia.indiatimes.com/entertainment/bengali/web-stories/nusrat-jahans-timeless-elegance-in-classic-sarees/photostory/104215887.cms,"https://static.toiimg.com/thumb/imgsize-87378,msid-104216409,width-600,resizemode-4/104216409.jpg",
Best refrigerators in India from top brands,https://timesofindia.indiatimes.com/most-searched-products/electronics/refrigerators/best-refrigerators-in-india-from-top-brands/articleshow/103816108.cms?utm_source=toi-homepage&utm_medium=web-shopping-destination&utm_campaign=msp-shopping,"https://static.toiimg.com/thumb/imgsize-34442,msid-103816088,width-200,resizemode-4/103816088.jpg",
Over-ear headphones for utmost comfort,https://timesofindia.indiatimes.com/most-searched-products/electronics/headphones/over-ear-headphones-for-utmost-comfort/articleshow/98658978.cms?utm_source=toi-homepage&utm_medium=web-shopping-destination&utm_campaign=msp-shopping,"https://static.toiimg.com/thumb/imgsize-1305858,msid-98658895,width-200,resizemode-4/98658895.jpg",
Finest Cordless Vacuum Cleaners With Brilliant Suction And Decent Battery Life,https://timesofindia.indiatimes.com/most-searched-products/electronics/vacuum-cleaners/finest-cordless-vacuum-cleaners-with-brilliant-suction-and-decent-battery-life/articleshow/79775637.cms?utm_source=toi-homepage&utm_medium=web-shopping-destination&utm_campaign=msp-shopping,"https://static.toiimg.com/thumb/imgsize-913848,msid-99696901,width-200,resizemode-4/99696901.jpg",
Top Load Washing Machine: Best Options From Leading Brands,https://timesofindia.indiatimes.com/most-searched-products/electronics/washing-machine/top-load-washing-machine-best-options-from-leading-brands/articleshow/100169444.cms?utm_source=toi-homepage&utm_medium=web-shopping-destination&utm_campaign=msp-shopping,"https://static.toiimg.com/thumb/imgsize-22580,msid-102162873,width-200,resizemode-4/102162873.jpg",
Gaming laptops under 80000: Best picks in India,https://timesofindia.indiatimes.com/most-searched-products/electronics/laptops/gaming-laptops-under-80000-best-picks-in-india/articleshow/97877433.cms?utm_source=toi-homepage&utm_medium=web-shopping-destination&utm_campaign=msp-shopping,"https://static.toiimg.com/thumb/imgsize-900762,msid-97877356,width-200,resizemode-4/97877356.jpg",
"Best android tablets: From Lenovo, Samsung, Nokia, and more",https://timesofindia.indiatimes.com/most-searched-products/electronics/tablets/best-android-tablets-from-lenovo-samsung-nokia-and-more/articleshow/92808095.cms?utm_source=toi-homepage&utm_medium=web-shopping-destination&utm_campaign=msp-shopping,"https://static.toiimg.com/thumb/imgsize-18696,msid-92808313,width-200,resizemode-4/92808313.jpg",
"Best 15 Liter Geysers In India From Havells, Bajaj & More",https://timesofindia.indiatimes.com/most-searched-products/electronics/water-heaters/15-liters-water-heaters-in-india-popular-geysers-from-havells-kenstar-bajaj-and-many-more/articleshow/87154266.cms?utm_source=toi-homepage&utm_medium=web-shopping-destination&utm_campaign=msp-shopping,"https://static.toiimg.com/thumb/imgsize-13610,msid-87154255,width-200,resizemode-4/87154255.jpg",
"Best microwave ovens from IFB, Bajaj, Panasonic & more under Rs 8,000",https://timesofindia.indiatimes.com/most-searched-products/kitchen-and-dining/small-appliances/best-microwave-ovens-from-ifb-bajaj-panasonic-and-more-under-rs-8000/articleshow/86671971.cms?utm_source=toi-homepage&utm_medium=web-shopping-destination&utm_campaign=msp-shopping,"https://static.toiimg.com/thumb/imgsize-846480,msid-99585338,width-200,resizemode-4/99585338.jpg",
ODI World Cup: Santner takes five as NZ ease past Netherlands for second win,https://timesofindia.indiatimes.com/sports/cricket/icc-world-cup/news/odi-world-cup-mitchell-santner-takes-five-as-new-zealand-ease-past-netherlands-for-second-win/articleshow/104292241.cms,"https://static.toiimg.com/thumb/imgsize-82590,msid-104292258,width-600,resizemode-4/104292258.jpg",
"Asian Games 2023: India clinch gold medal in men's hockey event, beat Japan 5-1 in final",https://timesofindia.indiatimes.com/videos/sports/other-sports/asian-games-2023-india-clinch-gold-medal-in-mens-hockey-event-beat-japan-5-1-in-final/videoshow/104217763.cms,"https://static.toiimg.com/thumb/imgsize-49574,msid-104217763,width-600,resizemode-4/104217763.jpg",
Asian Games 2023: Neeraj Chopra and Kishore Jena win Gold and Silver for India in Javelin throw competition,https://timesofindia.indiatimes.com/videos/sports/other-sports/asian-games-2023-neeraj-chopra-and-kishore-jena-win-gold-and-silver-for-india-in-javelin-throw-competition/videoshow/104163618.cms,"https://static.toiimg.com/thumb/imgsize-112126,msid-104163618,width-600,resizemode-4/104163618.jpg",
Watch - The start was quite bizarre to be honest: Kohli tells Rahul,https://timesofindia.indiatimes.com/sports/cricket/icc-world-cup/news/watch-the-start-was-quite-bizarre-to-be-honest-virat-kohli-tells-kl-rahul-in-a-candid-chat/articleshow/104292934.cms,"https://static.toiimg.com/thumb/imgsize-97288,msid-104292937,width-600,resizemode-4/104292937.jpg",
Chase master Kohli surpasses Sachin for this record,https://timesofindia.indiatimes.com/sports/cricket/icc-world-cup/news/chase-master-virat-kohli-surpasses-sachin-tendulkar-for-this-record/articleshow/104285518.cms,"https://static.toiimg.com/thumb/imgsize-56550,msid-104285547,width-600,resizemode-4/104285547.jpg",
Wasn't able to understand why people were criticising my performance: Rahul,https://timesofindia.indiatimes.com/sports/cricket/icc-world-cup/news/it-was-painful-wasnt-able-to-understand-why-people-were-criticising-my-performance-says-kl-rahul/articleshow/104290278.cms,"https://static.toiimg.com/thumb/imgsize-57776,msid-104290290,width-100,resizemode-4/104290290.jpg",
"Good to have Rahul back, he gives us stability: Mhambrey",https://timesofindia.indiatimes.com/sports/cricket/icc-world-cup/news/good-to-have-kl-rahul-back-he-gives-us-stability-paras-mhambrey/articleshow/104284855.cms,"https://static.toiimg.com/thumb/imgsize-25736,msid-104284863,width-100,resizemode-4/104284863.jpg",
'Play like it's Test cricket': How India beat Australia with Test match approach,https://timesofindia.indiatimes.com/sports/cricket/icc-world-cup/news/play-like-its-test-cricket-how-india-beat-australia-in-odi-world-cup-with-test-match-approach/articleshow/104274942.cms,"https://static.toiimg.com/thumb/imgsize-64438,msid-104275078,width-100,resizemode-4/104275078.jpg",
There was lack of aggression from Australian batters: Finch on opener loss,https://timesofindia.indiatimes.com/sports/cricket/icc-world-cup/news/there-was-lack-of-aggression-from-australian-batters-aaron-finch-on-world-cup-opener-loss/articleshow/104288410.cms,"https://static.toiimg.com/thumb/imgsize-87172,msid-104288516,width-100,resizemode-4/104288516.jpg",
Several firsts for India at Hangzhou Asian Games,https://timesofindia.indiatimes.com/sports/asian-games-2023/india-asian-games/several-firsts-for-india-at-hangzhou-asian-games/articleshow/104283699.cms,"https://static.toiimg.com/thumb/imgsize-74032,msid-104284146,width-100,resizemode-4/104284146.jpg",
Team India lands in Delhi for World Cup clash against Afghanistan,https://timesofindia.indiatimes.com/sports/cricket/icc-world-cup/news/team-india-lands-in-delhi-for-world-cup-clash-against-afghanistan/articleshow/104286153.cms,"https://static.toiimg.com/thumb/imgsize-43412,msid-104286141,width-100,resizemode-4/104286141.jpg",
Samsung festive sale: Deals and discounts on Samsung smart TVs,https://timesofindia.indiatimes.com/gadgets-news/samsung-festive-sale-deals-and-discounts-on-samsung-smart-tvs/articleshow/104286973.cms,"https://static.toiimg.com/thumb/imgsize-32040,msid-104286994,width-600,resizemode-4/104286994.jpg",
Vedanta Ltd arm Hindustan Zinc gets Rs 1.81 cr tax penalty order,https://timesofindia.indiatimes.com/business/india-business/vedanta-ltd-arm-hindustan-zinc-gets-rs-1-81-cr-tax-penalty-order/articleshow/104291526.cms,"https://static.toiimg.com/thumb/imgsize-32910,msid-104291618,width-600,resizemode-4/104291618.jpg",
"â€œGujarat, the most impeccable state in Indiaâ€¦â€ PayTM CEO VS Sharma after meeting CM Bhupendra Patel",https://timesofindia.indiatimes.com/videos/business/gujarat-the-most-impeccable-state-in-india-paytm-ceo-vs-sharma-after-meeting-cm-bhupendra-patel/videoshow/104214937.cms,"https://static.toiimg.com/thumb/imgsize-41716,msid-104214937,width-100,resizemode-4/104214937.jpg",
How many Rs 2000 currency notes have been recovered to date? RBI Governor reveals,https://timesofindia.indiatimes.com/videos/business/how-many-rs-2000-currency-notes-have-been-recovered-to-date-rbi-governor-reveals/videoshow/104214863.cms,"https://static.toiimg.com/thumb/imgsize-25918,msid-104214863,width-100,resizemode-4/104214863.jpg",
Multi Commodity Exchange (MCX) shares rise 2%,https://timesofindia.indiatimes.com/business/india-business/multi-commodity-exchange-mcx-shares-rise-2/articleshow/104288887.cms,"https://static.toiimg.com/thumb/imgsize-995929,msid-104289036,width-100,resizemode-4/104289036.jpg",
"European Union raises 2023-24 white sugar production, export estimates",https://timesofindia.indiatimes.com/business/international-business/european-union-raises-2023-24-white-sugar-production-export-estimates/articleshow/104287857.cms,"https://static.toiimg.com/thumb/imgsize-387950,msid-104288043,width-100,resizemode-4/104288043.jpg",
Robert F Kennedy Jr will run for president as independent and drop his Democratic primary bid,https://timesofindia.indiatimes.com/world/us/robert-f-kennedy-jr-will-run-for-president-as-independent-and-drop-his-democratic-primary-bid/articleshow/104292885.cms,"https://static.toiimg.com/thumb/imgsize-19284,msid-104292973,width-600,resizemode-4/104292973.jpg",
"DU LLB 2023 registration ends tomorrow at law.uod.ac.in, application link here",https://timesofindia.indiatimes.com/education/news/du-llb-2023-registration-ends-tomorrow-at-law-uod-ac-in-application-link-here/articleshow/104290588.cms,"https://static.toiimg.com/thumb/imgsize-52542,msid-104290960,width-600,resizemode-4/104290960.jpg",
Return to office brings CEO affairs back to the forefront,https://timesascent.com/articles/Return-to-office-brings-CEO-affairs-back-to-the-forefront/157971,https://timess3spore.s3.amazonaws.com/ndata/recruiterpostjob/static/compressed_69a0d649b05021a73efc120577507d98Return-to-office-brings-CEO-affairs-back-to-the-forefront_750x500.webp,
Career breaks can infuse new vigour at work,https://timesascent.com/articles/Career-breaks-can-infuse-new-vigour-at-work/157972,https://timess3spore.s3.amazonaws.com/ndata/recruiterpostjob/static/compressed_d88a9f07f4b2c6fc36a58328499afafdCareer-break-can-infuse-new-vigour-at-work_750x500.webp,
"Wipro CFO Jatin Dalal Quits, Sr VP Iyer Takes Over",https://timesascent.com/articles/Wipro-CFO-Jatin-Dalal-Quits-Sr-VP-Iyer-Takes-Over/157973,https://timess3spore.s3.amazonaws.com/ndata/recruiterpostjob/static/compressed_6b5cab904b480ce57e542bd52856b520Wipro-CFO-Jatin-Dalal-Quits-Sr-VP-Iyer-Takes-Over_750x500.webp,
"Early on, I imbibed a â€˜nothing is impossibleâ€™ philosophy",https://timesascent.com/articles/Early-on-I-imbibed-a-nothing-is-impossible-philosophy/157974,https://timess3spore.s3.amazonaws.com/ndata/recruiterpostjob/static/compressed_629dba245219241eb30bbd9cfc2dd984Early-on-i-imbibed-a-nothing-is-impossible-philosophy_750x500.webp,
Rajma Chawal wins top award,https://timesofindia.indiatimes.com/life-style/food-news/indias-rajma-chawal-wins-in-top-food-award/articleshow/104282151.cms,"https://static.toiimg.com/thumb/imgsize-128386,msid-104282374,width-600,resizemode-4/104282374.jpg",
Watch: How to make Chicken Noodles,https://recipes.timesofindia.com/videos/watch-how-to-make-chicken-noodles/videoshow/102774953.cms,"https://static.toiimg.com/thumb/imgsize-116392,msid-102774953,width-600,resizemode-4/102774953.jpg",
Watch: 1-Minute Cookie Challenge,https://recipes.timesofindia.com/videos/watch-1-minute-cookie-challenge/videoshow/102745065.cms,"https://static.toiimg.com/thumb/imgsize-89098,msid-102745065,width-600,resizemode-4/102745065.jpg",
Watch: How to make Vetrilai Nattukozhi,https://recipes.timesofindia.com/videos/watch-how-to-make-vetrilai-nattukozhi/videoshow/102685363.cms,"https://static.toiimg.com/thumb/imgsize-38896,msid-102685363,width-600,resizemode-4/102685363.jpg",
Watch: How to make Blue Ice,https://recipes.timesofindia.com/videos/watch-how-to-make-blue-ice/videoshow/101374900.cms,"https://static.toiimg.com/thumb/imgsize-147936,msid-101374900,width-600,resizemode-4/101374900.jpg",
Lebanese Garlic Sauce,https://recipes.timesofindia.com/recipes/lebanese-garlic-sauce/rs84466179.cms,"https://static.toiimg.com/thumb/imgsize-179395,msid-84466179,width-100,resizemode-4/84466179.jpg",
Banana Cheela,https://recipes.timesofindia.com/recipes/banana-cheela/rs89586552.cms,"https://static.toiimg.com/thumb/imgsize-118254,msid-89586552,width-100,resizemode-4/89586552.jpg",
Chamomile Milk,https://recipes.timesofindia.com/beverage/non-alcoholic/chamomile-milk/rs89584105.cms,"https://static.toiimg.com/thumb/imgsize-121832,msid-89584105,width-100,resizemode-4/89584105.jpg",
Boondi Ke Laddoo,https://recipes.timesofindia.com/recipes/boondi-ke-laddoo/rs84608690.cms,"https://static.toiimg.com/thumb/imgsize-258004,msid-84608690,width-100,resizemode-4/84608690.jpg",
Heart Choco Pops,https://recipes.timesofindia.com/recipes/heart-choco-pops/rs89561225.cms,"https://static.toiimg.com/thumb/imgsize-1358694,msid-89561225,width-100,resizemode-4/89561225.jpg",
How to self examine symptoms of oral cancer,https://timesofindia.indiatimes.com/life-style/health-fitness/health-news/how-to-self-examine-symptoms-of-oral-cancer/articleshow/104283919.cms,"https://static.toiimg.com/thumb/imgsize-1179610,msid-104284006,width-600,resizemode-4/104284006.jpg",
World Mental Health Day 2023: Facts to know,https://timesofindia.indiatimes.com/life-style/health-fitness/de-stress/world-mental-health-day-2023-date-history-theme-significance/photostory/104278555.cms,"https://static.toiimg.com/thumb/imgsize-35336,msid-104278581,width-600,resizemode-4/104278581.jpg",
This tea can help fight COVID effectively,https://timesofindia.indiatimes.com/life-style/health-fitness/health-news/coronavirus-drinking-green-tea-or-matcha-latte-can-help-fight-off-dominant-omicron-sub-variants/articleshow/104278757.cms,"https://static.toiimg.com/thumb/imgsize-1628969,msid-104278718,width-600,resizemode-4/104278718.jpg",
How much calcium you need daily as per age,https://timesofindia.indiatimes.com/life-style/health-fitness/web-stories/how-much-calcium-you-need-daily-as-per-age/photostory/104276047.cms,"https://static.toiimg.com/thumb/imgsize-1631598,msid-104276111,width-600,resizemode-4/104276111.jpg",
Sign of eye cancer when taking a photo,https://timesofindia.indiatimes.com/life-style/health-fitness/health-news/eye-cancer-symptoms-sign-of-a-deadly-cancer-to-spot-when-taking-a-photo/photostory/104150111.cms,"https://static.toiimg.com/thumb/imgsize-1351014,msid-104150205,width-600,resizemode-4/104150205.jpg",
Glutathione-rich foods that can nourish skin,https://timesofindia.indiatimes.com/life-style/health-fitness/web-stories/12-glutathione-rich-foods-that-can-naturally-nourish-your-skin/photostory/104139001.cms,"https://static.toiimg.com/thumb/imgsize-32188,msid-104139037,width-100,resizemode-4/104139037.jpg",
 Can you spot the blunder in this kitchen?,https://timesofindia.indiatimes.com/life-style/health-fitness/de-stress/brain-teaser-can-you-spot-the-blunder-in-this-kitchen-in-under-10-seconds/articleshow/104160923.cms,"https://static.toiimg.com/thumb/imgsize-59464,msid-104161004,width-100,resizemode-4/104161004.jpg",
Never pop pimples! The reasons will shock you,https://timesofindia.indiatimes.com/life-style/health-fitness/web-stories/never-pop-pimples-the-reasons-will-shock-you/photostory/104252672.cms,"https://static.toiimg.com/thumb/imgsize-454665,msid-104252708,width-100,resizemode-4/104252708.jpg",
Vitamin D: How to get it without getting tanned,https://timesofindia.indiatimes.com/life-style/health-fitness/health-news/vitamin-d-how-to-harness-the-sunshine-vitamin-without-getting-tanned/articleshow/104252506.cms,"https://static.toiimg.com/thumb/imgsize-817230,msid-104252517,width-100,resizemode-4/104252517.jpg",
Can reheating tea make it poisonous?,https://timesofindia.indiatimes.com/life-style/health-fitness/web-stories/can-reheating-tea-make-it-poisonous/photostory/104242892.cms,"https://static.toiimg.com/thumb/imgsize-784378,msid-104243086,width-100,resizemode-4/104243086.jpg",
How photography can boost mental health,https://timesofindia.indiatimes.com/life-style/health-fitness/de-stress/how-photography-can-be-therapeutic-and-boost-mental-health/articleshow/104242575.cms,"https://static.toiimg.com/thumb/imgsize-899735,msid-104242635,width-100,resizemode-4/104242635.jpg",
Bigg Boss Kannada 10's Vinay Gowda's inspiring lifestyle,https://timesofindia.indiatimes.com/tv/web-stories/kannada/bigg-boss-kannada-10s-vinay-gowdas-inspiring-lifestyle/photostory/104291041.cms,"https://static.toiimg.com/thumb/imgsize-28900,msid-104291194,width-200,resizemode-4/104291194.jpg",
Nayannah Mukey's breathtaking black outfit,https://timesofindia.indiatimes.com/tv/web-stories/marathi/nayannah-mukeys-breathtaking-black-outfit/photostory/104287095.cms,"https://static.toiimg.com/thumb/imgsize-53266,msid-104287310,width-200,resizemode-4/104287310.jpg",
BB contestant Sravanthi's wide range of saree collection,https://timesofindia.indiatimes.com/tv/web-stories/telugu/former-bigg-boss-contestant-sravanthis-wide-range-of-saree-collection/photostory/104282961.cms,"https://static.toiimg.com/thumb/imgsize-40754,msid-104283008,width-200,resizemode-4/104283008.jpg",
Top 15 blouses worn by Rashami Desai,https://timesofindia.indiatimes.com/tv/web-stories/hindi/top-15-blouses-worn-by-rashami-desai-for-festive-season/photostory/104280908.cms,"https://static.toiimg.com/thumb/imgsize-1047830,msid-104281564,width-200,resizemode-4/104281564.jpg",
Naini Pavani's stunning saree looks,https://timesofindia.indiatimes.com/tv/web-stories/telugu/naini-pavanis-stunning-saree-looks/photostory/104259974.cms,"https://static.toiimg.com/thumb/imgsize-50138,msid-104259988,width-200,resizemode-4/104259988.jpg",
Exploring the timeless elegance of Sreemukhi,https://timesofindia.indiatimes.com/tv/web-stories/telugu/exploring-the-timeless-elegance-of-sreemukhi/photostory/104213641.cms,"https://static.toiimg.com/thumb/imgsize-31256,msid-104213712,width-200,resizemode-4/104213712.jpg",
Bigg Boss Kannada 10: Confirmed list of contestants,https://timesofindia.indiatimes.com/tv/news/kannada/bigg-boss-kannada-10-full-and-final-list-of-contestants/photostory/104254137.cms,"https://static.toiimg.com/thumb/imgsize-49418,msid-104254596,width-200,resizemode-4/104254596.jpg",
Sankalp Kale lifts the trophy of Me Honar Superstar Chhote Ustaad 2,https://timesofindia.indiatimes.com/tv/news/marathi/sankalp-kale-lifts-the-trophy-of-me-honar-superstar-chhote-ustaad-2/articleshow/104277096.cms,"https://static.toiimg.com/thumb/imgsize-128702,msid-104277407,width-200,resizemode-4/104277407.jpg",
"Magenta Mobility, Tata Motors partner to deploy 500 Ace EVs for last-mile deliveries",https://timesofindia.indiatimes.com/auto/news/magenta-mobility-tata-motors-partner-to-deploy-500-ace-evs-for-last-mile-deliveries/articleshow/104289714.cms,"https://static.toiimg.com/thumb/imgsize-55174,msid-104289743,width-600,resizemode-4/104289743.jpg",
"BMW CE 02 EV production begins at TVSâ€™ Hosur plant: Funky electric scooter, 90 Km range",https://timesofindia.indiatimes.com/auto/electric-bikes/bmw-ce-02-ev-production-begins-at-tvs-hosur-plant-funky-electric-scooter-90-km-range/articleshow/104277907.cms,"https://static.toiimg.com/thumb/imgsize-1371261,msid-104278121,width-100,resizemode-4/104278121.jpg",
"Kawasaki launches Ninja e-1, Z e-1 electric motorcycles in US: 104 kmph top speed, 65 km range",https://timesofindia.indiatimes.com/auto/bikes/kawasaki-launches-ninja-e-1-z-e-1-electric-motorcycles-in-us-104kmph-top-speed-65-km-range/articleshow/104277506.cms,"https://static.toiimg.com/thumb/imgsize-50436,msid-104277567,width-100,resizemode-4/104277567.jpg",
Nissan Magnite EZ Shift review: Most affordable AMT SUV but has a flaw,https://timesofindia.indiatimes.com/videos/auto/nissan-magnite-ez-shift-review-most-affordable-amt-suv-but-has-a-flaw/videoshow/104276471.cms,"https://static.toiimg.com/thumb/imgsize-1535163,msid-104282285,width-100,resizemode-4/104282285.jpg",
"â€‹â€‹Made-in-India cars and SUVs with 5-star GNCAP safety rating: Verna, XUV 700, Punch & moreâ€‹",https://timesofindia.indiatimes.com/auto/web-stories/made-in-india-cars-and-suvs-with-5-star-gncap-safety-rating-verna-xuv-700-punch-more/photostory/104274071.cms,"https://static.toiimg.com/thumb/imgsize-1539441,msid-104275253,width-100,resizemode-4/104275253.jpg",
New Royal Enfield Himalayan 452 design: Changes over old Himalayan explained,https://timesofindia.indiatimes.com/auto/bikes/new-royal-enfield-himalayan-452-design-changes-over-old-himalayan-explained-himalayan-450/articleshow/104264701.cms,"https://static.toiimg.com/thumb/imgsize-1020013,msid-104265311,width-100,resizemode-4/104265311.jpg",
"DU LLB 2023 registration ends tomorrow at law.uod.ac.in, application link here",https://timesofindia.indiatimes.com/education/news/du-llb-2023-registration-ends-tomorrow-at-law-uod-ac-in-application-link-here/articleshow/104290588.cms,"https://static.toiimg.com/thumb/imgsize-52542,msid-104290960,width-600,resizemode-4/104290960.jpg",
NCERT Non Teaching Admit Card 2023 released on ncert.nic.in for LDC & Assistant posts,https://timesofindia.indiatimes.com/education/news/ncert-non-teaching-admit-card-2023-released-on-ncert-nic-in-for-ldc-assistant-posts/articleshow/104235252.cms,"https://static.toiimg.com/thumb/imgsize-14134,msid-104237165,width-100,resizemode-4/104237165.jpg",
"UPSC IFS Main 2023 exam timetable released on upsc.gov.in, check schedule",https://timesofindia.indiatimes.com/education/news/upsc-ifs-main-2023-exam-timetable-released-on-upsc-gov-in-check-schedule/articleshow/104232799.cms,"https://static.toiimg.com/thumb/imgsize-18442,msid-104234899,width-100,resizemode-4/104234899.jpg",
"CBSE Class 9, 11 Exam 2024 registration last date extended till October 25, apply here",https://timesofindia.indiatimes.com/education/news/cbse-class-9-11-exam-2024-registration-last-date-extended-till-october-25-apply-here/articleshow/104231751.cms,"https://static.toiimg.com/thumb/imgsize-12124,msid-104232686,width-100,resizemode-4/104232686.jpg",
"GATE 2024 registration deadline extended, apply without late fees till October 12",https://timesofindia.indiatimes.com/education/news/gate-2024-registration-deadline-extended-apply-without-late-fees-till-october-12/articleshow/104229362.cms,"https://static.toiimg.com/thumb/imgsize-35174,msid-104230247,width-100,resizemode-4/104230247.jpg",
10 Career Options After Qualifying CAT,https://timesofindia.indiatimes.com/education/web-stories/10-career-options-after-qualifying-cat/photostory/104221284.cms,"https://static.toiimg.com/thumb/imgsize-108860,msid-104221291,width-100,resizemode-4/104221291.jpg",
"Taarak Mehta's Munmun Dutta reveals she was supposed to go to Israel; says ""My tickets were booked but...""",https://timesofindia.indiatimes.com/tv/news/hindi/taarak-mehtas-munmun-dutta-reveals-she-was-supposed-to-go-to-israel-says-my-tickets-were-booked-but-/articleshow/104277159.cms,"https://static.toiimg.com/thumb/imgsize-1077921,msid-104277441,width-600,resizemode-4/104277441.jpg",
'We are being slaughtered': Israelis beg for help as Hamas militants barge into homes,https://timesofindia.indiatimes.com/world/middle-east/we-are-being-slaughtered-israelis-beg-for-help-as-hamas-militants-barge-into-homes/articleshow/104243597.cms,"https://static.toiimg.com/thumb/imgsize-102292,msid-104243777,width-600,resizemode-4/104243777.jpg",
Bigg Boss Kannada 10: Full and Final list of contestants,https://timesofindia.indiatimes.com/tv/news/kannada/bigg-boss-kannada-10-full-and-final-list-of-contestants/photostory/104254137.cms,"https://static.toiimg.com/thumb/imgsize-49418,msid-104254596,width-600,resizemode-4/104254596.jpg",
PM to attend Quad summit in US on Sept 24,https://timesofindia.indiatimes.com/india/pm-modi-to-attend-first-in-person-quad-summit-to-be-hosted-by-biden-next-week/articleshow/86187822.cms,"https://static.toiimg.com/thumb/imgsize-85498,msid-86188264,width-600,resizemode-4/86188264.jpg",
Benefits of drinking saffron water,https://timesofindia.indiatimes.com/life-style/food-news/benefits-of-drinking-saffron-water/photostory/104232887.cms,"https://static.toiimg.com/thumb/imgsize-269132,msid-104232983,width-100,resizemode-4/104232983.jpg",
love quotes by Irrfan Khan,https://timesofindia.indiatimes.com/life-style/relationships/web-stories/8-inspiring-love-quotes-dialogues-by-the-late-irrfan-khan/photostory/104260189.cms,"https://static.toiimg.com/thumb/imgsize-47312,msid-104260261,width-100,resizemode-4/104260261.jpg",
7 healthy habits for your skin,https://timesofindia.indiatimes.com/life-style/beauty/skin-care-7-healthy-habits-for-your-skin/articleshow/104089380.cms,"https://static.toiimg.com/thumb/imgsize-22980,msid-104089380,width-100,resizemode-4/104089380.jpg",
How to raise intelligent kids,https://timesofindia.indiatimes.com/life-style/parenting/moments/experts-advise-to-not-use-these-phrases-if-you-want-your-kids-to-be-emotionally-intelligent/photostory/104139044.cms,"https://static.toiimg.com/thumb/imgsize-58248,msid-104139061,width-100,resizemode-4/104139061.jpg",
8 most famous literary love stories,https://timesofindia.indiatimes.com/life-style/books/features/8-most-famous-literary-love-stories-from-across-the-world/photostory/104243207.cms,"https://static.toiimg.com/thumb/imgsize-25766,msid-104243221,width-100,resizemode-4/104243221.jpg",
'Hamas built a mock Israeli town in Gaza and practiced its attack',https://timesofindia.indiatimes.com/world/middle-east/how-hamas-managed-to-plan-devastating-attack-while-keeping-israels-spy-agencies-in-the-dark-mock-israeli-town-gaza-practiced-attack-videos/articleshow/104289250.cms,"https://static.toiimg.com/thumb/imgsize-1030886,msid-104290533,width-80,resizemode-4/104290533.jpg",
"If Palestine becomes Ukraine-II, stock markets will suffer",https://timesofindia.indiatimes.com/business/india-business/what-will-be-the-economic-impact-of-israel-hamas-war/articleshow/104277599.cms,"https://static.toiimg.com/thumb/imgsize-254632,msid-104282777,width-80,resizemode-4/104282777.jpg",
"Stage set for BJP vs Cong in MP, Rajasthan & Chhattisgarh",https://timesofindia.indiatimes.com/india/assembly-elections-2023-assembly-polls-assembly-election-bjp-congress-chhattisgarh-elections-madhya-pradesh-elections-rajasthan-elections-aap-rahul-gandhi-pm-modi/articleshow/104288731.cms,"https://static.toiimg.com/thumb/imgsize-69418,msid-104289023,width-80,resizemode-4/104289023.jpg",
Watch - The start was quite bizarre to be honest: Kohli tells Rahul,https://timesofindia.indiatimes.com/sports/cricket/icc-world-cup/news/watch-the-start-was-quite-bizarre-to-be-honest-virat-kohli-tells-kl-rahul-in-a-candid-chat/articleshow/104292934.cms,"https://static.toiimg.com/thumb/imgsize-97288,msid-104292937,width-80,resizemode-4/104292937.jpg",
Israel orders 'complete siege' on Gaza: Key points,https://timesofindia.indiatimes.com/world/middle-east/israel-taking-significant-military-steps-in-response-to-hamas-attack-key-developments/articleshow/104291260.cms,"https://static.toiimg.com/thumb/imgsize-609196,msid-104291266,width-80,resizemode-4/104291266.jpg",
Tight security for polls in Chhattisgarh; 20 million voters to cast ballots,https://timesofindia.indiatimes.com/city/raipur/tight-security-for-polls-in-chhattisgarh-20-million-voters-to-cast-ballots/articleshow/104290297.cms,"https://static.toiimg.com/thumb/imgsize-27594,msid-104290297,width-80,resizemode-4/104290297.jpg",
Goa: Two bouncers of Assagao nightclub held for attempt to murder,https://timesofindia.indiatimes.com/city/goa/goa-two-bouncers-of-assagao-nightclub-held-for-attempt-to-murder/articleshow/104289884.cms,"https://static.toiimg.com/thumb/imgsize-17520,msid-104289884,width-80,resizemode-4/104289884.jpg",
Is the new mode of parenting creating fragile children?,https://timesofindia.indiatimes.com/india/is-the-new-mode-of-parenting-creating-fragile-children/articleshow/104262216.cms,"https://static.toiimg.com/thumb/imgsize-27596,msid-104262695,width-80,resizemode-4/104262695.jpg",
Upskill with eMasters degree from NIRF #1 IIT Kanpur,https://timesofindia.indiatimes.com/articleshow/104205588.cms,"https://static.toiimg.com/thumb/imgsize-103896,msid-104206265,width-80,resizemode-4/104206265.jpg",
ðŸ”¥HOTTEST DEALS are Here! Shop Now & Maximize your Savings,https://timesofindia.indiatimes.com/amazon-bestsellers,"https://static.toiimg.com/thumb/imgsize-4055832,msid-87204807,width-80,resizemode-4/87204807.jpg",
How AP courses can give you an edge in college admissions,https://timesofindia.indiatimes.com/articleshow/104182737.cms,"https://static.toiimg.com/thumb/imgsize-1417165,msid-104182675,width-80,resizemode-4/104182675.jpg",
"65-inch 4K TVs from Samsung, LG and more under Rs 65,000",https://www.gadgetsnow.com/slideshows/amazon-great-indian-festival-65-inch-4k-tvs-from-samsung-lg-and-more-under-rs-65000/photolist/104289196.cms,"https://static.toiimg.com/thumb/imgsize-45844,msid-104289441,width-80,resizemode-4/104289441.jpg",
Cricket proposed for inclusion in 2028 LA Olympics,https://timesofindia.indiatimes.com/sports/cricket/news/la28s-recommendation-for-inclusion-of-cricket-in-olympics-delights-icc/articleshow/104292674.cms,"https://static.toiimg.com/thumb/imgsize-13666,msid-104292658,width-80,resizemode-4/104292658.jpg",
'We've to go in': What Israel PM told Biden after Hamas assault,https://timesofindia.indiatimes.com/world/middle-east/weve-to-go-in-what-israel-pm-netanyahu-told-president-biden-after-unprecedented-hamas-assault/articleshow/104290558.cms,"https://static.toiimg.com/thumb/imgsize-234602,msid-104290624,width-80,resizemode-4/104290624.jpg",
ODI WC: Santner takes five as NZ secure second win,https://timesofindia.indiatimes.com/sports/cricket/icc-world-cup/news/odi-world-cup-mitchell-santner-takes-five-as-new-zealand-ease-past-netherlands-for-second-win/articleshow/104292241.cms,"https://static.toiimg.com/thumb/imgsize-82590,msid-104292258,width-80,resizemode-4/104292258.jpg",
"Sony PlayStation 5 selling at Rs 40,000, hereâ€™s how to get this deal",https://www.gadgetsnow.com/gaming/sony-playstation-5-selling-at-rs-40000-heres-how-to-get-this-deal/articleshow/104289150.cms,"https://static.toiimg.com/thumb/imgsize-3774,msid-104290383,width-80,resizemode-4/104290383.jpg",
Video of burning man surfaces in Manipur,https://timesofindia.indiatimes.com/city/guwahati/video-of-burning-man-surfaces-in-manipur-sequel-to-two-women-paraded-naked-says-govt/articleshow/104291482.cms,"https://static.toiimg.com/thumb/imgsize-1408260,msid-104291510,width-80,resizemode-4/104291510.jpg",
How Israel's desert music festival turned into graveyard,https://timesofindia.indiatimes.com/world/middle-east/there-was-no-place-to-hide-how-desert-music-festival-turned-into-graveyard-after-hamas-assault/articleshow/104286545.cms,"https://static.toiimg.com/thumb/imgsize-36972,msid-104286763,width-80,resizemode-4/104286763.jpg",
Hamas unveils 'Mubar-1': Footage of Air Defense System,https://timesofindia.indiatimes.com/videos/toi-original/hamas-unveils-mubar-1-dramatic-footage-of-homemade-air-defense-system/videoshow/104289135.cms,"https://static.toiimg.com/thumb/imgsize-848866,msid-104289135,width-80,resizemode-4/104289135.jpg",
"BJP Candidate List 2023 Announced: Here is Who is in, Who is Out in Rajasthan, MP and Chhattisgarh",https://youtu.be/ESY_KiIY2RA,"https://static.toiimg.com/thumb/imgsize-1277914,msid-104291829,width-80,resizemode-4/104291829.jpg",
'Unwavering faith of Indian fans in us is...': Jadeja,https://timesofindia.indiatimes.com/sports/cricket/icc-world-cup/news/unwavering-faith-of-indian-fans-in-us-is-ravindra-jadeja/articleshow/104288032.cms,"https://static.toiimg.com/thumb/imgsize-39110,msid-104288064,width-80,resizemode-4/104288064.jpg",
Some fresh pairings to expect from KWK 8 guest list,https://timesofindia.indiatimes.com/web-series/news/hindi/alia-bhatt-kareena-kapoor-khan-deepika-padukone-ranveer-singh-more-heres-what-to-expect-from-koffee-with-karan-8-guest-list-deets-inside/articleshow/104292151.cms,"https://static.toiimg.com/thumb/imgsize-83126,msid-104292181,width-400,resizemode-4/104292181.jpg",
Ileana shares glimpses of playtime with Koa,https://timesofindia.indiatimes.com/entertainment/hindi/bollywood/news/ileana-dcruz-exudes-radiance-as-she-enjoys-mother-son-time-with-baby-koa-pics-inside/articleshow/104290527.cms,"https://static.toiimg.com/thumb/imgsize-80856,msid-104290572,width-200,resizemode-4/104290572.jpg",
Jawan global BO: The SRK starrer holds strong,https://timesofindia.indiatimes.com/entertainment/hindi/bollywood/box-office/jawan-global-box-office-collection-the-shah-rukh-khan-starrer-continues-to-hold-strong-after-the-rs-1000-crore-mark-despite-newer-releases/articleshow/104289275.cms,"https://static.toiimg.com/thumb/imgsize-25232,msid-104289274,width-200,resizemode-4/104289274.jpg",
Kriti Sanon's latest looks scream boss lady,https://timesofindia.indiatimes.com/entertainment/hindi/web-stories/kriti-sanons-latest-looks-scream-boss-lady/photostory/104292439.cms,"https://static.toiimg.com/thumb/imgsize-48812,msid-104292447,width-200,resizemode-4/104292447.jpg",
Shiv Thakare: KKK helped me groom myself as an actor,https://timesofindia.indiatimes.com/tv/news/hindi/shiv-thakare-khatron-ke-khiladi-13-helped-me-groom-myself-as-an-actor-for-the-future/articleshow/104292786.cms,"https://static.toiimg.com/thumb/imgsize-34046,msid-104292903,width-200,resizemode-4/104292903.jpg",
"Israel-Hamas war: Saba Qamar to Huma Zehra, Pakistani celebs express solidarity with the Palestinians",https://timesofindia.indiatimes.com/videos/etimes/bollywood/israel-hamas-war-saba-qamar-to-huma-zehra-pakistani-celebs-express-solidarity-with-the-palestinians/videoshow/104289185.cms,"https://static.toiimg.com/thumb/imgsize-72132,msid-104289185,width-600,resizemode-4/104289185.jpg",
"Israel-Hamas war: Saba Qamar to Huma Zehra, Pakistani celebs express solidarity with the Palestinians",https://timesofindia.indiatimes.com/videos/etimes/bollywood/israel-hamas-war-saba-qamar-to-huma-zehra-pakistani-celebs-express-solidarity-with-the-palestinians/videoshow/104289185.cms,"https://static.toiimg.com/thumb/imgsize-72132,msid-104289185,width-200,resizemode-4/104289185.jpg",
"In Chhattisgarh, women voters to impact turnout, election results",https://timesofindia.indiatimes.com/city/raipur/in-chhattisgarh-women-voters-to-impact-turnout-election-results/articleshow/104290564.cms,"https://static.toiimg.com/thumb/imgsize-826210,msid-104290550,width-600,resizemode-4/104290550.jpg",
Watch: Pakistani presenter Zainab Abbas left India for â€˜personal reason' or deported?,https://timesofindia.indiatimes.com/videos/toi-original/watch-pakistani-presenter-zainab-abbas-left-india-for-personal-reason-or-deported-this-is-what-icc-said/videoshow/104291809.cms,"https://static.toiimg.com/thumb/imgsize-82736,msid-104291809,width-600,resizemode-4/104291809.jpg",
Watch: Pakistani presenter Zainab Abbas left India for â€˜personal reason' or deported?,https://timesofindia.indiatimes.com/videos/toi-original/watch-pakistani-presenter-zainab-abbas-left-india-for-personal-reason-or-deported-this-is-what-icc-said/videoshow/104291809.cms,"https://static.toiimg.com/thumb/imgsize-82736,msid-104291809,width-200,resizemode-4/104291809.jpg",
ODI World Cup: Santner takes five as NZ ease past Netherlands for second win,https://timesofindia.indiatimes.com/sports/cricket/icc-world-cup/news/odi-world-cup-mitchell-santner-takes-five-as-new-zealand-ease-past-netherlands-for-second-win/articleshow/104292241.cms,"https://static.toiimg.com/thumb/imgsize-82590,msid-104292258,width-600,resizemode-4/104292258.jpg",
Samsung festive sale: Deals and discounts on Samsung smart TVs,https://timesofindia.indiatimes.com/gadgets-news/samsung-festive-sale-deals-and-discounts-on-samsung-smart-tvs/articleshow/104286973.cms,"https://static.toiimg.com/thumb/imgsize-32040,msid-104286994,width-600,resizemode-4/104286994.jpg",
Vedanta Ltd arm Hindustan Zinc gets Rs 1.81 cr tax penalty order,https://timesofindia.indiatimes.com/business/india-business/vedanta-ltd-arm-hindustan-zinc-gets-rs-1-81-cr-tax-penalty-order/articleshow/104291526.cms,"https://static.toiimg.com/thumb/imgsize-32910,msid-104291618,width-600,resizemode-4/104291618.jpg",
Robert F Kennedy Jr will run for president as independent and drop his Democratic primary bid,https://timesofindia.indiatimes.com/world/us/robert-f-kennedy-jr-will-run-for-president-as-independent-and-drop-his-democratic-primary-bid/articleshow/104292885.cms,"https://static.toiimg.com/thumb/imgsize-19284,msid-104292973,width-600,resizemode-4/104292973.jpg",
"DU LLB 2023 registration ends tomorrow at law.uod.ac.in, application link here",https://timesofindia.indiatimes.com/education/news/du-llb-2023-registration-ends-tomorrow-at-law-uod-ac-in-application-link-here/articleshow/104290588.cms,"https://static.toiimg.com/thumb/imgsize-52542,msid-104290960,width-600,resizemode-4/104290960.jpg",
Rajma Chawal wins top award,https://timesofindia.indiatimes.com/life-style/food-news/indias-rajma-chawal-wins-in-top-food-award/articleshow/104282151.cms,"https://static.toiimg.com/thumb/imgsize-128386,msid-104282374,width-600,resizemode-4/104282374.jpg",
How to self examine symptoms of oral cancer,https://timesofindia.indiatimes.com/life-style/health-fitness/health-news/how-to-self-examine-symptoms-of-oral-cancer/articleshow/104283919.cms,"https://static.toiimg.com/thumb/imgsize-1179610,msid-104284006,width-600,resizemode-4/104284006.jpg",
"Magenta Mobility, Tata Motors partner to deploy 500 Ace EVs for last-mile deliveries",https://timesofindia.indiatimes.com/auto/news/magenta-mobility-tata-motors-partner-to-deploy-500-ace-evs-for-last-mile-deliveries/articleshow/104289714.cms,"https://static.toiimg.com/thumb/imgsize-55174,msid-104289743,width-600,resizemode-4/104289743.jpg",
"DU LLB 2023 registration ends tomorrow at law.uod.ac.in, application link here",https://timesofindia.indiatimes.com/education/news/du-llb-2023-registration-ends-tomorrow-at-law-uod-ac-in-application-link-here/articleshow/104290588.cms,"https://static.toiimg.com/thumb/imgsize-52542,msid-104290960,width-600,resizemode-4/104290960.jpg",
Like father like son at Cricket World Cup,https://timesofindia.indiatimes.com/sports/cricket/icc-world-cup/news/like-father-like-son-at-cricket-world-cup/articleshow/104290683.cms,"https://static.toiimg.com/thumb/imgsize-35576,msid-104290761,width-600,resizemode-4/104290761.jpg",sports/cricket
'Unwavering faith of Indian fans in us is...': Ravindra Jadeja,https://timesofindia.indiatimes.com/sports/cricket/icc-world-cup/news/unwavering-faith-of-indian-fans-in-us-is-ravindra-jadeja/articleshow/104288032.cms,"https://static.toiimg.com/thumb/imgsize-39110,msid-104288064,width-600,resizemode-4/104288064.jpg",sports/cricket
Wasn't able to understand why people were criticising my performance: Rahul,https://timesofindia.indiatimes.com/sports/cricket/icc-world-cup/news/it-was-painful-wasnt-able-to-understand-why-people-were-criticising-my-performance-says-kl-rahul/articleshow/104290278.cms,"https://static.toiimg.com/thumb/imgsize-57776,msid-104290290,width-600,resizemode-4/104290290.jpg",sports/cricket
How Australia denied India a clean sweep,https://timesofindia.indiatimes.com/sports/cricket/australia-in-india/how-australia-broke-their-5-match-losing-streak-in-odis-and-denied-india-a-clean-sweep/articleshow/103996943.cms,"https://static.toiimg.com/thumb/imgsize-79470,msid-103996951,width-600,resizemode-4/103996951.jpg",sports/cricket
Axar Patel ruled out of third ODI against Australia: Reports,https://timesofindia.indiatimes.com/sports/cricket/australia-in-india/axar-patels-comeback-delayed-as-injury-rules-him-out-of-third-odi-against-australia/articleshow/103928577.cms,"https://static.toiimg.com/thumb/imgsize-26674,msid-103928780,width-600,resizemode-4/103928780.jpg",sports/cricket
Watch: R Ashwin decodes his magical delivery to Marnus Labuschagne,https://timesofindia.indiatimes.com/sports/cricket/australia-in-india/watch-r-ashwin-decodes-his-magical-delivery-to-marnus-labuschagne/articleshow/103936989.cms,"https://static.toiimg.com/thumb/imgsize-61994,msid-103936959,width-600,resizemode-4/103936959.jpg",sports/cricket
Abbott reveals Warner's innovative approach to facing R Ashwin,https://timesofindia.indiatimes.com/sports/cricket/australia-in-india/sean-abbott-reveals-david-warners-innovative-approach-to-facing-r-ashwin/articleshow/103929713.cms,"https://static.toiimg.com/thumb/imgsize-48572,msid-103929861,width-600,resizemode-4/103929861.jpg",sports/cricket
"Ahead of WC, Shreyas Iyer plays a crucial knock",https://timesofindia.indiatimes.com/sports/cricket/australia-in-india/ind-vs-aus-ahead-of-world-cup-shreyas-iyer-plays-a-crucial-knock/articleshow/103920240.cms,"https://static.toiimg.com/thumb/imgsize-46128,msid-103920227,width-600,resizemode-4/103920227.jpg",sports/cricket
The word pressure is not in Virat Kohli's dictionary: Mohammad Amir,https://timesofindia.indiatimes.com/videos/sports/cricket/india-hot-favourites-to-win-world-cup-mohammad-amir/videoshow/104125483.cms,"https://static.toiimg.com/thumb/imgsize-78512008,msid-104125483,width-600,resizemode-4/104125483.jpg",sports/cricket
The word pressure is not in Virat Kohli's dictionary: Mohammad Amir,https://timesofindia.indiatimes.com/videos/sports/cricket/india-hot-favourites-to-win-world-cup-mohammad-amir/videoshow/104125483.cms,"https://static.toiimg.com/thumb/imgsize-78512008,msid-104125483,width-200,resizemode-4/104125483.jpg",sports/cricket
"R Ashwin finds a place in World Cup Team, injured Axar Patel replaced",https://timesofindia.indiatimes.com/videos/sports/cricket/r-ashwin-finds-a-place-in-world-cup-team-injured-axar-patel-replaced/videoshow/104024374.cms,"https://static.toiimg.com/thumb/imgsize-125416,msid-104024374,width-200,resizemode-4/104024374.jpg",sports/cricket
Why KL Rahul should continue as first-choice wicketkeeper-batter,https://timesofindia.indiatimes.com/videos/sports/cricket/why-kl-rahul-should-continue-as-first-choice-wicketkeeper-batter/videoshow/104001368.cms,"https://static.toiimg.com/thumb/imgsize-78512008,msid-104001368,width-200,resizemode-4/104001368.jpg",sports/cricket
Bengaluru: Netherlands Cricket Team releases new jersey at Golden Palms Hotel,https://timesofindia.indiatimes.com/videos/sports/cricket/bengaluru-netherlands-cricket-team-releases-new-jersey-at-golden-palms-hotel/videoshow/103948784.cms,"https://static.toiimg.com/thumb/imgsize-2597919,msid-103948784,width-200,resizemode-4/103948784.jpg",sports/cricket
Punjab: Indian Cricket fans elated after Men in Blue defeat Australia by 5 wickets,https://timesofindia.indiatimes.com/videos/sports/cricket/punjab-indian-cricket-fans-elated-after-men-in-blue-defeats-australia-by-5-wickets/videoshow/103879355.cms,"https://static.toiimg.com/thumb/imgsize-938063,msid-103879355,width-200,resizemode-4/103879355.jpg",sports/cricket
Asia Cup 2023 Final: Full list of records that are broken as India thrash Sri Lanka to win 8th Asia Cup Title,https://timesofindia.indiatimes.com/videos/sports/cricket/asia-cup-2023-final-full-list-of-records-that-are-broken-as-india-thrash-sri-lanka-to-win-8th-asia-cup-title/videoshow/103764960.cms,"https://static.toiimg.com/thumb/imgsize-94784,msid-103764960,width-200,resizemode-4/103764960.jpg",sports/cricket
"World Cup Live: Set Colin Ackermann falls, New Zealand on top",https://timesofindia.indiatimes.com/sports/cricket/icc-world-cup/new-zealand-vs-netherlands-icc-odi-world-cup-2023-live-cricket-score-updates-from-hyderabad/liveblog/104276213.cms,"https://static.toiimg.com/thumb/imgsize-71494,msid-104276213,width-600,resizemode-4/104276213.jpg",sports/cricket
PCB chief discusses India visa delays for Pakistan media and fans,https://timesofindia.indiatimes.com/sports/cricket/icc-world-cup/news/pcb-chief-discusses-india-visa-delays-for-pakistan-media-and-fans-with-foreign-secretary/articleshow/104291181.cms,"https://static.toiimg.com/thumb/imgsize-40890,msid-104291145,width-600,resizemode-4/104291145.jpg",sports/cricket
Wasn't able to understand why people were criticising my performance: Rahul,https://timesofindia.indiatimes.com/sports/cricket/icc-world-cup/news/it-was-painful-wasnt-able-to-understand-why-people-were-criticising-my-performance-says-kl-rahul/articleshow/104290278.cms,"https://static.toiimg.com/thumb/imgsize-57776,msid-104290290,width-600,resizemode-4/104290290.jpg",sports/cricket
'If you don't show intent against Jadeja...': Kumble's warning to batters,https://timesofindia.indiatimes.com/sports/cricket/icc-world-cup/news/if-you-dont-show-intent-against-ravindra-jadeja-anil-kumbles-warning-to-batters/articleshow/104290736.cms,"https://static.toiimg.com/thumb/imgsize-41978,msid-104290711,width-600,resizemode-4/104290711.jpg",sports/cricket
"Good to have KL Rahul back, he gives us stability: Paras Mhambrey",https://timesofindia.indiatimes.com/sports/cricket/icc-world-cup/news/good-to-have-kl-rahul-back-he-gives-us-stability-paras-mhambrey/articleshow/104284855.cms,"https://static.toiimg.com/thumb/imgsize-25736,msid-104284863,width-600,resizemode-4/104284863.jpg",sports/cricket
How Australia denied India a clean sweep,https://timesofindia.indiatimes.com/sports/cricket/australia-in-india/how-australia-broke-their-5-match-losing-streak-in-odis-and-denied-india-a-clean-sweep/articleshow/103996943.cms,"https://static.toiimg.com/thumb/imgsize-79470,msid-103996951,width-600,resizemode-4/103996951.jpg",sports/cricket
The word pressure is not in Virat Kohli's dictionary: Mohammad Amir,https://timesofindia.indiatimes.com/videos/sports/cricket/india-hot-favourites-to-win-world-cup-mohammad-amir/videoshow/104125483.cms,"https://static.toiimg.com/thumb/imgsize-78512008,msid-104125483,width-600,resizemode-4/104125483.jpg",sports/cricket
The word pressure is not in Virat Kohli's dictionary: Mohammad Amir,https://timesofindia.indiatimes.com/videos/sports/cricket/india-hot-favourites-to-win-world-cup-mohammad-amir/videoshow/104125483.cms,"https://static.toiimg.com/thumb/imgsize-78512008,msid-104125483,width-200,resizemode-4/104125483.jpg",sports/cricket
"World Cup Live: Set Colin Ackermann falls, New Zealand on top",https://timesofindia.indiatimes.com/sports/cricket/icc-world-cup/new-zealand-vs-netherlands-icc-odi-world-cup-2023-live-cricket-score-updates-from-hyderabad/liveblog/104276213.cms,"https://static.toiimg.com/thumb/imgsize-71494,msid-104276213,width-600,resizemode-4/104276213.jpg",sports/cricket
